Datetime,HA_open,HA_high,HA_low,HA_close,max_high,max_low,trand-line,Symbol,Qty,position,Buy/Sell,Entry Price,Exit Price,strategy_returns,returns
2023-05-31 09:15:00+05:30,44213.900390625,44332.55078125,44086.0,44211.587890625,,,44086.0,Bank,25,1,Buy,44211.587890625,0,0.0,500000.0
2023-05-31 09:30:00+05:30,44212.744140625,44212.744140625,44064.0,44098.9990234375,,,44086.0,,,,,,,0.0,500000.0
2023-05-31 09:45:00+05:30,44155.87158203125,44155.87158203125,44056.05078125,44093.7998046875,,,44086.0,,,,,,,0.0,500000.0
2023-05-31 10:00:00+05:30,44124.835693359375,44156.6015625,44098.8984375,44120.474609375,,,44086.0,,,,,,,0.0,500000.0
2023-05-31 10:15:00+05:30,44122.65515136719,44134.8984375,44058.3515625,44097.625,,,44086.0,,,,,,,0.0,500000.0
2023-05-31 10:30:00+05:30,44110.140075683594,44110.140075683594,44052.94921875,44071.5869140625,,,44086.0,Bank,25,0,Buy_Exit,0.0,44071.5869140625,-3500.0244140625,496499.9755859375
2023-05-31 10:45:00+05:30,44090.86349487305,44118.19921875,44054.1484375,44086.4248046875,,,44086.0,Bank,25,1,Buy,44086.4248046875,0,0.0,496499.9755859375
2023-05-31 11:00:00+05:30,44088.64414978027,44153.80078125,44088.64414978027,44126.26171875,,,44086.0,,,,,,,0.0,496499.9755859375
2023-05-31 11:15:00+05:30,44107.45293426514,44152.25,44084.0,44114.30078125,,,44086.0,,,,,,,0.0,496499.9755859375
2023-05-31 11:30:00+05:30,44110.87685775757,44110.87685775757,44003.6015625,44051.5498046875,,44003.6015625,44086.0,Bank,25,0,Buy_Exit,0.0,44051.5498046875,-871.875,495628.1005859375
2023-05-31 11:45:00+05:30,44081.213331222534,44081.213331222534,43890.55078125,43969.6630859375,,43890.55078125,44081.213331222534,Bank,25,-1,Sell,43969.6630859375,0,0.0,495628.1005859375
2023-05-31 12:00:00+05:30,44025.43820858002,44025.43820858002,43939.3984375,43957.875,,43890.55078125,44081.213331222534,,,,,,,0.0,495628.1005859375
2023-05-31 12:15:00+05:30,43991.65660429001,43991.65660429001,43918.1015625,43944.2255859375,,43890.55078125,44081.213331222534,,,,,,,0.0,495628.1005859375
2023-05-31 12:30:00+05:30,43967.941095113754,43967.941095113754,43858.5,43913.4755859375,,43858.5,44081.213331222534,,,,,,,0.0,495628.1005859375
2023-05-31 12:45:00+05:30,43940.70834052563,43940.75,43836.1484375,43903.1865234375,,43836.1484375,44081.213331222534,,,,,,,0.0,495628.1005859375
2023-05-31 13:00:00+05:30,43921.94743198156,43921.94743198156,43844.05078125,43874.7255859375,,43836.1484375,44081.213331222534,,,,,,,0.0,495628.1005859375
2023-05-31 13:15:00+05:30,43898.33650895953,43919.0,43824.75,43877.8876953125,,43824.75,44081.213331222534,,,,,,,0.0,495628.1005859375
2023-05-31 13:30:00+05:30,43888.112102136016,43942.3984375,43873.94921875,43910.4365234375,,43824.75,44081.213331222534,,,,,,,0.0,495628.1005859375
2023-05-31 13:45:00+05:30,43899.27431278676,43921.30078125,43851.1484375,43890.69921875,,43824.75,44081.213331222534,,,,,,,0.0,495628.1005859375
2023-05-31 14:00:00+05:30,43894.98676576838,43910.05078125,43846.5,43881.9375,,43824.75,44081.213331222534,,,,,,,0.0,495628.1005859375
2023-05-31 14:15:00+05:30,43888.46213288419,43941.75,43870.19921875,43910.287109375,,43824.75,44081.213331222534,,,,,,,0.0,495628.1005859375
2023-05-31 14:30:00+05:30,43899.374621129595,43979.25,43899.374621129595,43947.025390625,43979.25,43824.75,44081.213331222534,,,,,,,0.0,495628.1005859375
2023-05-31 14:45:00+05:30,43923.2000058773,43998.80078125,43923.2000058773,43972.67578125,43998.80078125,43824.75,44081.213331222534,,,,,,,0.0,495628.1005859375
2023-05-31 15:00:00+05:30,43947.93789356365,44204.75,43947.93789356365,44070.5869140625,44204.75,43824.75,43947.93789356365,Bank,25,0,Sell_exit,0.0,44070.5869140625,-2523.095703125,493105.0048828125
2023-05-31 15:15:00+05:30,44009.262403813074,44265.55078125,44009.262403813074,44163.525390625,44265.55078125,43824.75,43947.93789356365,Bank,25,1,Buy,44163.525390625,0,0.0,493105.0048828125
2023-06-01 09:15:00+05:30,44086.39389721904,44172.05078125,43978.3984375,44076.212890625,44265.55078125,43824.75,43947.93789356365,,,,,,,0.0,493105.0048828125
2023-06-01 09:30:00+05:30,44081.30339392202,44087.05078125,43972.19921875,44023.125,44265.55078125,43824.75,43947.93789356365,,,,,,,0.0,493105.0048828125
2023-06-01 09:45:00+05:30,44052.21419696101,44148.05078125,44041.0,44084.150390625,44265.55078125,43824.75,43947.93789356365,,,,,,,0.0,493105.0048828125
2023-06-01 10:00:00+05:30,44068.182293793005,44114.8515625,44059.8515625,44086.0009765625,44265.55078125,43824.75,43947.93789356365,,,,,,,0.0,493105.0048828125
2023-06-01 10:15:00+05:30,44077.091635177756,44108.6015625,44035.55078125,44075.0380859375,44265.55078125,43824.75,43947.93789356365,,,,,,,0.0,493105.0048828125
2023-06-01 10:30:00+05:30,44076.06486055763,44132.1484375,44069.6484375,44097.4736328125,44265.55078125,43824.75,43947.93789356365,,,,,,,0.0,493105.0048828125
2023-06-01 10:45:00+05:30,44086.769246685064,44119.8984375,44079.3984375,44101.2744140625,44265.55078125,43824.75,43947.93789356365,,,,,,,0.0,493105.0048828125
2023-06-01 11:00:00+05:30,44094.02183037378,44115.69921875,44054.69921875,44095.923828125,44265.55078125,43824.75,43947.93789356365,,,,,,,0.0,493105.0048828125
2023-06-01 11:15:00+05:30,44094.97282924939,44124.05078125,44071.8984375,44096.212890625,44265.55078125,43824.75,43947.93789356365,,,,,,,0.0,493105.0048828125
2023-06-01 11:30:00+05:30,44095.5928599372,44114.0,44063.55078125,44091.3251953125,44265.55078125,43824.75,43947.93789356365,,,,,,,0.0,493105.0048828125
2023-06-01 11:45:00+05:30,44093.45902762485,44141.80078125,44085.94921875,44106.6875,44265.55078125,43824.75,43947.93789356365,,,,,,,0.0,493105.0048828125
2023-06-01 12:00:00+05:30,44100.073263812425,44101.55078125,44043.8984375,44075.1748046875,44265.55078125,43824.75,43947.93789356365,,,,,,,0.0,493105.0048828125
2023-06-01 12:15:00+05:30,44087.624034249966,44126.1484375,44045.1015625,44090.375,44265.55078125,43824.75,43947.93789356365,,,,,,,0.0,493105.0048828125
2023-06-01 12:30:00+05:30,44088.99951712498,44164.0,44088.99951712498,44130.837890625,44164.0,43824.75,43947.93789356365,,,,,,,0.0,493105.0048828125
2023-06-01 12:45:00+05:30,44109.918703874995,44128.19921875,44081.44921875,44111.0126953125,44164.0,43824.75,43947.93789356365,,,,,,,0.0,493105.0048828125
2023-06-01 13:00:00+05:30,44110.46569959375,44143.6015625,44105.25,44125.150390625,44164.0,43824.75,43947.93789356365,,,,,,,0.0,493105.0048828125
2023-06-01 13:15:00+05:30,44117.80804510937,44171.1015625,44114.69921875,44145.150390625,44171.1015625,43824.75,43947.93789356365,,,,,,,0.0,493105.0048828125
2023-06-01 13:30:00+05:30,44131.479217867185,44177.94921875,44131.479217867185,44152.9873046875,44177.94921875,43824.75,43947.93789356365,,,,,,,0.0,493105.0048828125
2023-06-01 13:45:00+05:30,44142.233261277346,44149.55078125,44020.8984375,44087.0244140625,44177.94921875,44020.8984375,43947.93789356365,,,,,,,0.0,493105.0048828125
2023-06-01 14:00:00+05:30,44114.62883766992,44114.62883766992,44000.05078125,44028.9375,44177.94921875,44000.05078125,43947.93789356365,,,,,,,0.0,493105.0048828125
2023-06-01 14:15:00+05:30,44071.78316883496,44071.78316883496,43927.30078125,43989.5751953125,44177.94921875,43927.30078125,44071.78316883496,Bank,25,0,Buy_Exit,0.0,43989.5751953125,-4348.7548828125,488756.25
2023-06-01 14:30:00+05:30,44030.67918207373,44030.67918207373,43923.8984375,43968.5751953125,44177.94921875,43923.8984375,44071.78316883496,Bank,25,-1,Sell,43968.5751953125,0,0.0,488756.25
2023-06-01 14:45:00+05:30,43999.62718869311,43999.62718869311,43910.0,43941.625,44177.94921875,43910.0,44071.78316883496,,,,,,,0.0,488756.25
2023-06-01 15:00:00+05:30,43970.62609434656,43970.62609434656,43812.44921875,43881.3125,44177.94921875,43812.44921875,43970.62609434656,,,,,,,0.0,488756.25
2023-06-01 15:15:00+05:30,43925.96929717328,43925.96929717328,43708.25,43773.287109375,44177.94921875,43708.25,43925.96929717328,,,,,,,0.0,488756.25
2023-06-02 09:15:00+05:30,43849.628203274144,44039.8984375,43849.628203274144,43974.962890625,44177.94921875,43708.25,43925.96929717328,Bank,25,0,Sell_exit,0.0,43974.962890625,-159.6923828125,488596.5576171875
2023-06-02 09:30:00+05:30,43912.29554694957,44007.3984375,43912.29554694957,43974.162109375,44177.94921875,43708.25,43925.96929717328,Bank,25,1,Buy,43974.162109375,0,0.0,488596.5576171875
2023-06-02 09:45:00+05:30,43943.22882816229,44011.6484375,43879.69921875,43941.76171875,44177.94921875,43708.25,43925.96929717328,,,,,,,0.0,488596.5576171875
2023-06-02 10:00:00+05:30,43942.495273456145,43942.495273456145,43825.3515625,43865.9248046875,44177.94921875,43708.25,43925.96929717328,Bank,25,0,Buy_Exit,0.0,43865.9248046875,-2705.9326171875,485890.625
2023-06-02 10:15:00+05:30,43904.210039071826,43904.210039071826,43813.6484375,43842.9501953125,44177.94921875,43708.25,43925.96929717328,Bank,25,-1,Sell,43842.9501953125,0,0.0,485890.625
2023-06-02 10:30:00+05:30,43873.58011719216,43905.19921875,43838.80078125,43865.775390625,44177.94921875,43708.25,43925.96929717328,,,,,,,0.0,485890.625
2023-06-02 10:45:00+05:30,43869.67775390858,43936.30078125,43869.6484375,43899.412109375,44177.94921875,43708.25,43925.96929717328,,,,,,,0.0,485890.625
2023-06-02 11:00:00+05:30,43884.544931641794,43935.05078125,43882.44921875,43914.8125,44177.94921875,43708.25,43925.96929717328,,,,,,,0.0,485890.625
2023-06-02 11:15:00+05:30,43899.6787158209,43938.80078125,43892.6015625,43921.763671875,44177.94921875,43708.25,43925.96929717328,,,,,,,0.0,485890.625
2023-06-02 11:30:00+05:30,43910.721193847945,43997.8515625,43910.55078125,43948.2255859375,44177.94921875,43708.25,43925.96929717328,Bank,25,0,Sell_exit,0.0,43948.2255859375,-2631.884765625,483258.740234375
2023-06-02 11:45:00+05:30,43929.47338989272,43988.19921875,43929.47338989272,43969.30078125,44177.94921875,43708.25,43925.96929717328,Bank,25,1,Buy,43969.30078125,0,0.0,483258.740234375
2023-06-02 12:00:00+05:30,43949.38708557136,43995.3515625,43949.38708557136,43977.1123046875,44177.94921875,43708.25,43925.96929717328,,,,,,,0.0,483258.740234375
2023-06-02 12:15:00+05:30,43963.24969512943,43976.1484375,43936.05078125,43960.76171875,44177.94921875,43708.25,43925.96929717328,,,,,,,0.0,483258.740234375
2023-06-02 12:30:00+05:30,43962.005706939715,44005.6015625,43957.94921875,43975.125,44005.6015625,43708.25,43925.96929717328,,,,,,,0.0,483258.740234375
2023-06-02 12:45:00+05:30,43968.56535346986,43999.94921875,43968.56535346986,43982.1748046875,44005.6015625,43708.25,43925.96929717328,,,,,,,0.0,483258.740234375
2023-06-02 13:00:00+05:30,43975.37007907868,44061.1484375,43958.3515625,44011.2744140625,44061.1484375,43708.25,43958.3515625,,,,,,,0.0,483258.740234375
2023-06-02 13:15:00+05:30,43993.32224657059,44071.75,43993.32224657059,44049.7744140625,44071.75,43708.25,43958.3515625,,,,,,,0.0,483258.740234375
2023-06-02 13:30:00+05:30,44021.548330316546,44074.6484375,44021.548330316546,44057.912109375,44074.6484375,43708.25,43958.3515625,,,,,,,0.0,483258.740234375
2023-06-02 13:45:00+05:30,44039.73021984578,44088.8984375,44017.69921875,44053.287109375,44088.8984375,43708.25,43958.3515625,,,,,,,0.0,483258.740234375
2023-06-02 14:00:00+05:30,44046.50866461039,44072.0,43935.1484375,44003.5869140625,44088.8984375,43935.1484375,43958.3515625,,,,,,,0.0,483258.740234375
2023-06-02 14:15:00+05:30,44025.047789336444,44025.047789336444,43840.1484375,43916.2373046875,44088.8984375,43840.1484375,44025.047789336444,Bank,25,0,Buy_Exit,0.0,43916.2373046875,-1326.5869140625,481932.1533203125
2023-06-02 14:30:00+05:30,43970.64254701197,43970.64254701197,43844.30078125,43889.13671875,44088.8984375,43840.1484375,44025.047789336444,Bank,25,-1,Sell,43889.13671875,0,0.0,481932.1533203125
2023-06-02 14:45:00+05:30,43929.889632880986,43947.80078125,43860.80078125,43908.1005859375,44088.8984375,43840.1484375,44025.047789336444,,,,,,,0.0,481932.1533203125
2023-06-02 15:00:00+05:30,43918.99510940924,44020.75,43918.99510940924,43964.037109375,44088.8984375,43840.1484375,44025.047789336444,,,,,,,0.0,481932.1533203125
2023-06-02 15:15:00+05:30,43941.51610939212,43961.3515625,43852.30078125,43911.1630859375,44088.8984375,43840.1484375,44025.047789336444,,,,,,,0.0,481932.1533203125
2023-06-05 09:15:00+05:30,43926.33959766481,44217.5,43926.33959766481,44157.724609375,44217.5,43840.1484375,43926.33959766481,Bank,25,0,Sell_exit,0.0,44157.724609375,-6714.697265625,475217.4560546875
2023-06-05 09:30:00+05:30,44042.0321035199,44215.94921875,44042.0321035199,44187.275390625,44217.5,43840.1484375,43926.33959766481,Bank,25,1,Buy,44187.275390625,0,0.0,475217.4560546875
2023-06-05 09:45:00+05:30,44114.65374707245,44245.69921875,44114.65374707245,44215.13671875,44245.69921875,43840.1484375,43926.33959766481,,,,,,,0.0,475217.4560546875
2023-06-05 10:00:00+05:30,44164.89523291122,44238.30078125,44164.89523291122,44212.400390625,44245.69921875,43840.1484375,43926.33959766481,,,,,,,0.0,475217.4560546875
2023-06-05 10:15:00+05:30,44188.64781176811,44230.0,44185.80078125,44200.2626953125,44245.69921875,43840.1484375,43926.33959766481,,,,,,,0.0,475217.4560546875
2023-06-05 10:30:00+05:30,44194.455253540305,44194.455253540305,44151.94921875,44173.5625,44245.69921875,43840.1484375,43926.33959766481,,,,,,,0.0,475217.4560546875
2023-06-05 10:45:00+05:30,44184.00887677015,44212.55078125,44165.94921875,44186.9375,44245.69921875,43840.1484375,43926.33959766481,,,,,,,0.0,475217.4560546875
2023-06-05 11:00:00+05:30,44185.473188385076,44254.69921875,44185.473188385076,44224.7744140625,44254.69921875,43840.1484375,43926.33959766481,,,,,,,0.0,475217.4560546875
2023-06-05 11:15:00+05:30,44205.12380122379,44261.94921875,44205.12380122379,44250.5615234375,44261.94921875,43840.1484375,43926.33959766481,,,,,,,0.0,475217.4560546875
2023-06-05 11:30:00+05:30,44227.842662330644,44260.05078125,44207.0,44236.3251953125,44261.94921875,43840.1484375,43926.33959766481,,,,,,,0.0,475217.4560546875
2023-06-05 11:45:00+05:30,44232.08392882157,44232.08392882157,44187.6015625,44205.6123046875,44261.94921875,43840.1484375,43926.33959766481,,,,,,,0.0,475217.4560546875
2023-06-05 12:00:00+05:30,44218.84811675454,44218.84811675454,44158.8515625,44192.1875,44261.94921875,43840.1484375,43926.33959766481,,,,,,,0.0,475217.4560546875
2023-06-05 12:15:00+05:30,44205.51780837727,44220.3515625,44171.80078125,44201.0380859375,44261.94921875,43840.1484375,43926.33959766481,,,,,,,0.0,475217.4560546875
2023-06-05 12:30:00+05:30,44203.27794715739,44207.80078125,44182.6484375,44198.9375,44261.94921875,43840.1484375,43926.33959766481,,,,,,,0.0,475217.4560546875
2023-06-05 12:45:00+05:30,44201.107723578694,44226.1484375,44194.80078125,44210.3994140625,44261.94921875,43840.1484375,43926.33959766481,,,,,,,0.0,475217.4560546875
2023-06-05 13:00:00+05:30,44205.7535688206,44223.55078125,44165.8515625,44198.9375,44261.94921875,43840.1484375,43926.33959766481,,,,,,,0.0,475217.4560546875
2023-06-05 13:15:00+05:30,44202.3455344103,44245.8984375,44174.8515625,44205.1123046875,44261.94921875,43840.1484375,43926.33959766481,,,,,,,0.0,475217.4560546875
2023-06-05 13:30:00+05:30,44203.7289195489,44223.69921875,44195.30078125,44212.0625,44261.94921875,43840.1484375,43926.33959766481,,,,,,,0.0,475217.4560546875
2023-06-05 13:45:00+05:30,44207.89570977445,44251.1484375,44200.1015625,44227.7001953125,44251.1484375,43840.1484375,43926.33959766481,,,,,,,0.0,475217.4560546875
2023-06-05 14:00:00+05:30,44217.79795254348,44265.25,44182.6015625,44223.6376953125,44265.25,43840.1484375,43926.33959766481,,,,,,,0.0,475217.4560546875
2023-06-05 14:15:00+05:30,44220.71782392799,44220.71782392799,44168.5,44195.4873046875,44265.25,43840.1484375,43926.33959766481,,,,,,,0.0,475217.4560546875
2023-06-05 14:30:00+05:30,44208.102564307745,44213.05078125,44173.5,44188.92578125,44265.25,43840.1484375,43926.33959766481,,,,,,,0.0,475217.4560546875
2023-06-05 14:45:00+05:30,44198.51417277887,44198.51417277887,44122.25,44160.787109375,44265.25,44122.25,43926.33959766481,,,,,,,0.0,475217.4560546875
2023-06-05 15:00:00+05:30,44179.650641076936,44179.650641076936,44075.69921875,44125.1875,44265.25,44075.69921875,43926.33959766481,,,,,,,0.0,475217.4560546875
2023-06-05 15:15:00+05:30,44152.41907053847,44152.41907053847,44078.19921875,44112.150390625,44265.25,44075.69921875,43926.33959766481,,,,,,,0.0,475217.4560546875
2023-06-06 09:15:00+05:30,44132.284730581734,44181.94921875,44101.25,44154.7373046875,44265.25,44075.69921875,43926.33959766481,,,,,,,0.0,475217.4560546875
2023-06-06 09:30:00+05:30,44143.51101763462,44187.0,44131.3984375,44162.2744140625,44265.25,44075.69921875,43926.33959766481,,,,,,,0.0,475217.4560546875
2023-06-06 09:45:00+05:30,44152.89271584856,44165.75,44084.1484375,44126.57421875,44265.25,44075.69921875,43926.33959766481,,,,,,,0.0,475217.4560546875
2023-06-06 10:00:00+05:30,44139.73346729928,44139.73346729928,44064.19921875,44093.224609375,44265.25,44064.19921875,43926.33959766481,,,,,,,0.0,475217.4560546875
2023-06-06 10:15:00+05:30,44116.479038337144,44116.479038337144,44054.0,44072.1748046875,44265.25,44054.0,43926.33959766481,,,,,,,0.0,475217.4560546875
2023-06-06 10:30:00+05:30,44094.32692151232,44094.32692151232,44055.8984375,44072.724609375,44265.25,44054.0,43926.33959766481,,,,,,,0.0,475217.4560546875
2023-06-06 10:45:00+05:30,44083.52576544366,44095.30078125,44027.0,44059.474609375,44265.25,44027.0,43926.33959766481,,,,,,,0.0,475217.4560546875
2023-06-06 11:00:00+05:30,44071.50018740933,44071.50018740933,44011.0,44036.224609375,44265.25,44011.0,43926.33959766481,,,,,,,0.0,475217.4560546875
2023-06-06 11:15:00+05:30,44053.862398392164,44072.55078125,44009.69921875,44047.462890625,44265.25,44009.69921875,43926.33959766481,,,,,,,0.0,475217.4560546875
2023-06-06 11:30:00+05:30,44050.662644508586,44083.0,44050.662644508586,44067.375,44265.25,44009.69921875,43926.33959766481,,,,,,,0.0,475217.4560546875
2023-06-06 11:45:00+05:30,44059.01882225429,44104.30078125,44057.3515625,44077.42578125,44265.25,44009.69921875,43926.33959766481,,,,,,,0.0,475217.4560546875
2023-06-06 12:00:00+05:30,44068.22230175215,44102.05078125,44066.44921875,44083.9130859375,44265.25,44009.69921875,43926.33959766481,,,,,,,0.0,475217.4560546875
2023-06-06 12:15:00+05:30,44076.06769384482,44106.1484375,44069.80078125,44091.19921875,44265.25,44009.69921875,43926.33959766481,,,,,,,0.0,475217.4560546875
2023-06-06 12:30:00+05:30,44083.63345629741,44126.6484375,44081.30078125,44101.5126953125,44126.6484375,44009.69921875,43926.33959766481,,,,,,,0.0,475217.4560546875
2023-06-06 12:45:00+05:30,44092.573075804954,44109.5,44054.05078125,44087.7373046875,44126.6484375,44009.69921875,43926.33959766481,,,,,,,0.0,475217.4560546875
2023-06-06 13:00:00+05:30,44090.15519024622,44108.19921875,44078.30078125,44094.087890625,44126.6484375,44009.69921875,43926.33959766481,,,,,,,0.0,475217.4560546875
2023-06-06 13:15:00+05:30,44092.12154043561,44098.44921875,44060.69921875,44084.4873046875,44126.6484375,44009.69921875,43926.33959766481,,,,,,,0.0,475217.4560546875
2023-06-06 13:30:00+05:30,44088.30442256156,44129.0,44077.1484375,44098.8125,44129.0,44009.69921875,43926.33959766481,,,,,,,0.0,475217.4560546875
2023-06-06 13:45:00+05:30,44093.55846128078,44136.44921875,44093.30078125,44116.0751953125,44136.44921875,44009.69921875,43926.33959766481,,,,,,,0.0,475217.4560546875
2023-06-06 14:00:00+05:30,44104.816828296636,44127.44921875,44069.75,44098.8251953125,44136.44921875,44009.69921875,43926.33959766481,,,,,,,0.0,475217.4560546875
2023-06-06 14:15:00+05:30,44101.82101180457,44101.82101180457,44057.69921875,44077.1630859375,44136.44921875,44009.69921875,43926.33959766481,,,,,,,0.0,475217.4560546875
2023-06-06 14:30:00+05:30,44089.492048871034,44096.1484375,44036.1015625,44063.6875,44136.44921875,44036.1015625,43926.33959766481,,,,,,,0.0,475217.4560546875
2023-06-06 14:45:00+05:30,44076.58977443552,44103.5,44036.75,44065.625,44136.44921875,44036.1015625,43926.33959766481,,,,,,,0.0,475217.4560546875
2023-06-06 15:00:00+05:30,44071.10738721776,44233.94921875,44071.10738721776,44154.2626953125,44233.94921875,44036.1015625,44071.10738721776,,,,,,,0.0,475217.4560546875
2023-06-06 15:15:00+05:30,44112.685041265126,44235.8984375,44112.685041265126,44211.9365234375,44235.8984375,44036.1015625,44071.10738721776,,,,,,,0.0,475217.4560546875
2023-06-07 09:15:00+05:30,44162.31078235131,44345.80078125,44162.31078235131,44290.75,44345.80078125,44036.1015625,44162.31078235131,,,,,,,0.0,475217.4560546875
2023-06-07 09:30:00+05:30,44226.53039117566,44315.44921875,44226.53039117566,44281.9990234375,44345.80078125,44036.1015625,44162.31078235131,,,,,,,0.0,475217.4560546875
2023-06-07 09:45:00+05:30,44254.264707306575,44292.75,44238.69921875,44271.7626953125,44345.80078125,44036.1015625,44162.31078235131,,,,,,,0.0,475217.4560546875
2023-06-07 10:00:00+05:30,44263.01370130954,44273.05078125,44236.0,44259.712890625,44345.80078125,44036.1015625,44162.31078235131,,,,,,,0.0,475217.4560546875
2023-06-07 10:15:00+05:30,44261.36329596727,44277.25,44251.80078125,44265.400390625,44345.80078125,44036.1015625,44162.31078235131,,,,,,,0.0,475217.4560546875
2023-06-07 10:30:00+05:30,44263.381843296134,44276.3984375,44198.8984375,44237.6494140625,44345.80078125,44036.1015625,44162.31078235131,,,,,,,0.0,475217.4560546875
2023-06-07 10:45:00+05:30,44250.51562867932,44250.51562867932,44173.94921875,44196.2255859375,44345.80078125,44036.1015625,44162.31078235131,,,,,,,0.0,475217.4560546875
2023-06-07 11:00:00+05:30,44223.37060730841,44225.75,44180.0,44203.1748046875,44345.80078125,44036.1015625,44162.31078235131,,,,,,,0.0,475217.4560546875
2023-06-07 11:15:00+05:30,44213.27270599795,44227.3984375,44165.69921875,44192.6748046875,44345.80078125,44036.1015625,44162.31078235131,,,,,,,0.0,475217.4560546875
2023-06-07 11:30:00+05:30,44202.973755342726,44202.973755342726,44153.3515625,44165.3388671875,44345.80078125,44153.3515625,44162.31078235131,,,,,,,0.0,475217.4560546875
2023-06-07 11:45:00+05:30,44184.15631126511,44184.30078125,44153.1484375,44166.7373046875,44345.80078125,44153.1484375,44162.31078235131,,,,,,,0.0,475217.4560546875
2023-06-07 12:00:00+05:30,44175.4468079763,44185.3515625,44148.6484375,44165.837890625,44345.80078125,44148.6484375,44162.31078235131,,,,,,,0.0,475217.4560546875
2023-06-07 12:15:00+05:30,44170.64234930065,44206.55078125,44156.8515625,44179.375,44345.80078125,44148.6484375,44162.31078235131,,,,,,,0.0,475217.4560546875
2023-06-07 12:30:00+05:30,44175.00867465032,44225.6015625,44175.00867465032,44205.86328125,44345.80078125,44148.6484375,44162.31078235131,,,,,,,0.0,475217.4560546875
2023-06-07 12:45:00+05:30,44190.43597795016,44239.55078125,44190.43597795016,44217.6123046875,44345.80078125,44148.6484375,44162.31078235131,,,,,,,0.0,475217.4560546875
2023-06-07 13:00:00+05:30,44204.024141318834,44230.1015625,44192.05078125,44210.36328125,44345.80078125,44148.6484375,44162.31078235131,,,,,,,0.0,475217.4560546875
2023-06-07 13:15:00+05:30,44207.19371128442,44224.19921875,44185.1015625,44204.7255859375,44345.80078125,44148.6484375,44162.31078235131,,,,,,,0.0,475217.4560546875
2023-06-07 13:30:00+05:30,44205.95964861096,44206.6015625,44148.8984375,44179.44921875,44345.80078125,44148.6484375,44162.31078235131,,,,,,,0.0,475217.4560546875
2023-06-07 13:45:00+05:30,44192.70443368048,44194.05078125,44166.05078125,44180.1005859375,44345.80078125,44148.6484375,44162.31078235131,,,,,,,0.0,475217.4560546875
2023-06-07 14:00:00+05:30,44186.40250980899,44221.3515625,44168.05078125,44188.7255859375,44345.80078125,44148.6484375,44162.31078235131,,,,,,,0.0,475217.4560546875
2023-06-07 14:15:00+05:30,44187.564047873246,44237.69921875,44164.25,44201.7998046875,44345.80078125,44148.6484375,44162.31078235131,,,,,,,0.0,475217.4560546875
2023-06-07 14:30:00+05:30,44194.68192628038,44236.5,44191.3515625,44223.212890625,44345.80078125,44148.6484375,44162.31078235131,,,,,,,0.0,475217.4560546875
2023-06-07 14:45:00+05:30,44208.94740845269,44259.6484375,44208.94740845269,44241.0625,44259.6484375,44148.6484375,44162.31078235131,,,,,,,0.0,475217.4560546875
2023-06-07 15:00:00+05:30,44225.004954226344,44286.0,44225.004954226344,44266.1240234375,44286.0,44148.6484375,44225.004954226344,,,,,,,0.0,475217.4560546875
2023-06-07 15:15:00+05:30,44245.56448883192,44293.44921875,44245.56448883192,44278.9375,44293.44921875,44148.6484375,44225.004954226344,,,,,,,0.0,475217.4560546875
2023-06-08 09:15:00+05:30,44262.25099441596,44279.05078125,44208.30078125,44240.61328125,44293.44921875,44148.6484375,44225.004954226344,,,,,,,0.0,475217.4560546875
2023-06-08 09:30:00+05:30,44251.43213783298,44305.30078125,44251.43213783298,44279.86328125,44305.30078125,44148.6484375,44225.004954226344,,,,,,,0.0,475217.4560546875
2023-06-08 09:45:00+05:30,44265.64770954149,44384.1015625,44265.64770954149,44334.8759765625,44384.1015625,44148.6484375,44265.64770954149,,,,,,,0.0,475217.4560546875
2023-06-08 10:00:00+05:30,44300.261843051994,44435.75,44300.261843051994,44392.2490234375,44435.75,44148.6484375,44300.261843051994,,,,,,,0.0,475217.4560546875
2023-06-08 10:15:00+05:30,44346.25543324475,44452.05078125,44346.25543324475,44417.0751953125,44452.05078125,44148.6484375,44300.261843051994,,,,,,,0.0,475217.4560546875
2023-06-08 10:30:00+05:30,44381.66531427862,44450.19921875,44381.66531427862,44422.962890625,44452.05078125,44148.6484375,44300.261843051994,,,,,,,0.0,475217.4560546875
2023-06-08 10:45:00+05:30,44402.31410245181,44458.1484375,44402.31410245181,44440.4111328125,44458.1484375,44148.6484375,44300.261843051994,,,,,,,0.0,475217.4560546875
2023-06-08 11:00:00+05:30,44421.362617632156,44444.6015625,44415.05078125,44433.275390625,44458.1484375,44148.6484375,44300.261843051994,,,,,,,0.0,475217.4560546875
2023-06-08 11:15:00+05:30,44427.31900412858,44443.8984375,44404.0,44425.662109375,44458.1484375,44148.6484375,44300.261843051994,,,,,,,0.0,475217.4560546875
2023-06-08 11:30:00+05:30,44426.490556751785,44452.55078125,44378.5,44409.6875,44458.1484375,44148.6484375,44300.261843051994,,,,,,,0.0,475217.4560546875
2023-06-08 11:45:00+05:30,44418.08902837589,44418.08902837589,44298.0,44349.0625,44458.1484375,44148.6484375,44300.261843051994,,,,,,,0.0,475217.4560546875
2023-06-08 12:00:00+05:30,44383.575764187946,44383.575764187946,44254.6015625,44291.1005859375,44458.1484375,44254.6015625,44300.261843051994,Bank,25,0,Buy_Exit,0.0,44291.1005859375,2595.6298828125,477813.0859375
2023-06-08 12:15:00+05:30,44337.33817506272,44337.33817506272,44251.19921875,44284.9248046875,44458.1484375,44251.19921875,44300.261843051994,Bank,25,-1,Sell,44284.9248046875,0,0.0,477813.0859375
2023-06-08 12:30:00+05:30,44311.131489875115,44311.131489875115,44209.8984375,44265.0869140625,44458.1484375,44209.8984375,44300.261843051994,,,,,,,0.0,477813.0859375
2023-06-08 12:45:00+05:30,44288.10920196881,44288.10920196881,44240.8515625,44271.6748046875,44458.1484375,44209.8984375,44300.261843051994,,,,,,,0.0,477813.0859375
2023-06-08 13:00:00+05:30,44279.892003328154,44290.25,44214.05078125,44258.912109375,44458.1484375,44209.8984375,44300.261843051994,,,,,,,0.0,477813.0859375
2023-06-08 13:15:00+05:30,44269.40205635158,44280.19921875,44222.69921875,44252.375,44458.1484375,44209.8984375,44300.261843051994,,,,,,,0.0,477813.0859375
2023-06-08 13:30:00+05:30,44260.88852817579,44289.25,44210.80078125,44261.1376953125,44458.1484375,44209.8984375,44300.261843051994,,,,,,,0.0,477813.0859375
2023-06-08 13:45:00+05:30,44261.01311174415,44348.8984375,44261.01311174415,44311.9873046875,44458.1484375,44209.8984375,44300.261843051994,Bank,25,0,Sell_exit,0.0,44311.9873046875,-676.5625,477136.5234375
2023-06-08 14:00:00+05:30,44286.500208215824,44347.0,44172.8984375,44270.9619140625,44458.1484375,44172.8984375,44300.261843051994,Bank,25,-1,Sell,44270.9619140625,0,0.0,477136.5234375
2023-06-08 14:15:00+05:30,44278.73106113916,44278.73106113916,44184.8984375,44215.01171875,44458.1484375,44172.8984375,44300.261843051994,,,,,,,0.0,477136.5234375
2023-06-08 14:30:00+05:30,44246.87138994458,44248.19921875,44193.80078125,44219.0498046875,44458.1484375,44172.8984375,44300.261843051994,,,,,,,0.0,477136.5234375
2023-06-08 14:45:00+05:30,44232.960597316036,44232.960597316036,44048.1484375,44145.537109375,44458.1484375,44048.1484375,44232.960597316036,,,,,,,0.0,477136.5234375
2023-06-08 15:00:00+05:30,44189.24885334552,44189.24885334552,43964.0,44027.9375,44458.1484375,43964.0,44189.24885334552,,,,,,,0.0,477136.5234375
2023-06-08 15:15:00+05:30,44108.59317667276,44108.59317667276,43918.1015625,43979.36328125,44458.1484375,43918.1015625,44189.24885334552,,,,,,,0.0,477136.5234375
2023-06-09 09:15:00+05:30,44043.97822896138,44117.6015625,43998.05078125,44055.73828125,44458.1484375,43918.1015625,44189.24885334552,,,,,,,0.0,477136.5234375
2023-06-09 09:30:00+05:30,44049.85825510569,44083.8515625,43934.0,44020.138671875,44458.1484375,43918.1015625,44189.24885334552,,,,,,,0.0,477136.5234375
2023-06-09 09:45:00+05:30,44034.998463490345,44177.6484375,43997.6015625,44086.2373046875,44458.1484375,43918.1015625,44189.24885334552,,,,,,,0.0,477136.5234375
2023-06-09 10:00:00+05:30,44060.61788408892,44218.05078125,44060.61788408892,44171.1376953125,44458.1484375,43918.1015625,44189.24885334552,,,,,,,0.0,477136.5234375
2023-06-09 10:15:00+05:30,44115.87778970071,44177.6484375,44115.87778970071,44142.736328125,44458.1484375,43918.1015625,44189.24885334552,,,,,,,0.0,477136.5234375
2023-06-09 10:30:00+05:30,44129.307058912855,44171.75,44107.1015625,44134.275390625,44458.1484375,43918.1015625,44189.24885334552,,,,,,,0.0,477136.5234375
2023-06-09 10:45:00+05:30,44131.791224768924,44158.55078125,44111.6484375,44135.9375,44458.1484375,43918.1015625,44189.24885334552,,,,,,,0.0,477136.5234375
2023-06-09 11:00:00+05:30,44133.86436238446,44166.80078125,44075.25,44127.4375,44458.1484375,43918.1015625,44189.24885334552,,,,,,,0.0,477136.5234375
2023-06-09 11:15:00+05:30,44130.65093119223,44165.6015625,44130.65093119223,44144.67578125,44458.1484375,43918.1015625,44189.24885334552,,,,,,,0.0,477136.5234375
2023-06-09 11:30:00+05:30,44137.663356221114,44157.6484375,44103.55078125,44131.400390625,44458.1484375,43918.1015625,44189.24885334552,,,,,,,0.0,477136.5234375
2023-06-09 11:45:00+05:30,44134.53187342305,44169.5,44123.3515625,44143.1005859375,44458.1484375,43918.1015625,44189.24885334552,,,,,,,0.0,477136.5234375
2023-06-09 12:00:00+05:30,44138.81622968028,44179.44921875,44136.1484375,44158.4375,44458.1484375,43918.1015625,44189.24885334552,,,,,,,0.0,477136.5234375
2023-06-09 12:15:00+05:30,44148.62686484014,44167.8515625,44127.44921875,44152.287109375,44458.1484375,43918.1015625,44189.24885334552,,,,,,,0.0,477136.5234375
2023-06-09 12:30:00+05:30,44150.456987107566,44199.25,44089.94921875,44133.9248046875,44199.25,43918.1015625,44189.24885334552,,,,,,,0.0,477136.5234375
2023-06-09 12:45:00+05:30,44142.19089589753,44142.19089589753,44030.5,44066.0244140625,44199.25,44030.5,44189.24885334552,,,,,,,0.0,477136.5234375
2023-06-09 13:00:00+05:30,44104.10765498002,44104.10765498002,44031.94921875,44067.1240234375,44199.25,44030.5,44189.24885334552,,,,,,,0.0,477136.5234375
2023-06-09 13:15:00+05:30,44085.61583920876,44108.3515625,44021.8515625,44061.9013671875,44199.25,44021.8515625,44189.24885334552,,,,,,,0.0,477136.5234375
2023-06-09 13:30:00+05:30,44073.758603198134,44076.94921875,44020.69921875,44044.4248046875,44199.25,44020.69921875,44189.24885334552,,,,,,,0.0,477136.5234375
2023-06-09 13:45:00+05:30,44059.09170394282,44080.5,43978.94921875,44029.4873046875,44199.25,43978.94921875,44189.24885334552,,,,,,,0.0,477136.5234375
2023-06-09 14:00:00+05:30,44044.28950431516,44044.28950431516,43973.69921875,43996.0615234375,44199.25,43973.69921875,44189.24885334552,,,,,,,0.0,477136.5234375
2023-06-09 14:15:00+05:30,44020.175513876326,44020.175513876326,43954.3515625,43980.576171875,44199.25,43954.3515625,44189.24885334552,,,,,,,0.0,477136.5234375
2023-06-09 14:30:00+05:30,44000.37584287566,44066.6484375,43974.05078125,44003.7626953125,44199.25,43954.3515625,44189.24885334552,,,,,,,0.0,477136.5234375
2023-06-09 14:45:00+05:30,44002.06926909408,44021.55078125,43962.25,43993.0,44199.25,43954.3515625,44189.24885334552,,,,,,,0.0,477136.5234375
2023-06-09 15:00:00+05:30,43997.53463454704,44019.1015625,43970.80078125,43997.3505859375,44199.25,43954.3515625,44189.24885334552,,,,,,,0.0,477136.5234375
2023-06-09 15:15:00+05:30,43997.44261024227,44010.0,43970.8984375,43991.1376953125,44199.25,43954.3515625,44189.24885334552,,,,,,,0.0,477136.5234375
2023-06-12 09:15:00+05:30,43994.29015277739,44092.19921875,43922.5,44009.9873046875,44092.19921875,43922.5,44189.24885334552,,,,,,,0.0,477136.5234375
2023-06-12 09:30:00+05:30,44002.13872873245,44053.94921875,43960.5,43997.3251953125,44092.19921875,43922.5,44189.24885334552,,,,,,,0.0,477136.5234375
2023-06-12 09:45:00+05:30,43999.73196202247,44018.30078125,43940.5,43978.912109375,44092.19921875,43922.5,44189.24885334552,,,,,,,0.0,477136.5234375
2023-06-12 10:00:00+05:30,43989.32203569874,43993.6015625,43949.80078125,43971.1005859375,44092.19921875,43922.5,44189.24885334552,,,,,,,0.0,477136.5234375
2023-06-12 10:15:00+05:30,43980.21131081812,44029.1015625,43961.1015625,43994.2001953125,44092.19921875,43922.5,44189.24885334552,,,,,,,0.0,477136.5234375
2023-06-12 10:30:00+05:30,43987.20575306531,44038.5,43979.8984375,44006.63671875,44092.19921875,43922.5,44189.24885334552,,,,,,,0.0,477136.5234375
2023-06-12 10:45:00+05:30,43996.921235907656,44010.8515625,43974.1015625,43990.0380859375,44092.19921875,43922.5,44189.24885334552,,,,,,,0.0,477136.5234375
2023-06-12 11:00:00+05:30,43993.479660922574,44010.80078125,43966.1484375,43992.1376953125,44092.19921875,43922.5,44189.24885334552,,,,,,,0.0,477136.5234375
2023-06-12 11:15:00+05:30,43992.80867811754,44013.0,43960.1015625,43987.4501953125,44092.19921875,43922.5,44189.24885334552,,,,,,,0.0,477136.5234375
2023-06-12 11:30:00+05:30,43990.12943671502,44000.80078125,43949.75,43975.775390625,44092.19921875,43922.5,44189.24885334552,,,,,,,0.0,477136.5234375
2023-06-12 11:45:00+05:30,43982.952413670006,44029.0,43982.952413670006,44007.736328125,44092.19921875,43922.5,44189.24885334552,,,,,,,0.0,477136.5234375
2023-06-12 12:00:00+05:30,43995.3443708975,44045.0,43995.3443708975,44022.32421875,44045.0,43922.5,44189.24885334552,,,,,,,0.0,477136.5234375
2023-06-12 12:15:00+05:30,44008.834294823755,44020.30078125,43967.5,43993.5751953125,44045.0,43922.5,44189.24885334552,,,,,,,0.0,477136.5234375
2023-06-12 12:30:00+05:30,44001.20474506813,44013.44921875,43965.94921875,43982.6240234375,44045.0,43922.5,44189.24885334552,,,,,,,0.0,477136.5234375
2023-06-12 12:45:00+05:30,43991.914384252814,43991.914384252814,43946.1484375,43962.1494140625,44045.0,43946.1484375,44189.24885334552,,,,,,,0.0,477136.5234375
2023-06-12 13:00:00+05:30,43977.03189915766,43977.03189915766,43944.1015625,43959.2509765625,44045.0,43944.1015625,44189.24885334552,,,,,,,0.0,477136.5234375
2023-06-12 13:15:00+05:30,43968.141437860075,43997.1015625,43949.05078125,43968.0634765625,44045.0,43944.1015625,44189.24885334552,,,,,,,0.0,477136.5234375
2023-06-12 13:30:00+05:30,43968.10245721129,43979.80078125,43949.75,43959.7373046875,44045.0,43944.1015625,44189.24885334552,,,,,,,0.0,477136.5234375
2023-06-12 13:45:00+05:30,43963.9198809494,44002.8515625,43945.55078125,43967.6630859375,44045.0,43944.1015625,44189.24885334552,,,,,,,0.0,477136.5234375
2023-06-12 14:00:00+05:30,43965.79148344345,43979.75,43939.30078125,43964.7119140625,44045.0,43939.30078125,44189.24885334552,,,,,,,0.0,477136.5234375
2023-06-12 14:15:00+05:30,43965.251698752974,43990.44921875,43874.05078125,43936.5751953125,44045.0,43874.05078125,43990.44921875,,,,,,,0.0,477136.5234375
2023-06-12 14:30:00+05:30,43950.91344703274,43950.91344703274,43891.44921875,43908.3623046875,44045.0,43874.05078125,43990.44921875,,,,,,,0.0,477136.5234375
2023-06-12 14:45:00+05:30,43929.63787586012,43977.94921875,43908.8984375,43943.9365234375,44045.0,43874.05078125,43990.44921875,,,,,,,0.0,477136.5234375
2023-06-12 15:00:00+05:30,43936.78719964881,43997.25,43924.69921875,43959.337890625,44045.0,43874.05078125,43990.44921875,,,,,,,0.0,477136.5234375
2023-06-12 15:15:00+05:30,43948.062545136905,43960.6484375,43929.0,43947.6240234375,44045.0,43874.05078125,43990.44921875,,,,,,,0.0,477136.5234375
2023-06-13 09:15:00+05:30,43947.8432842872,44097.6484375,43889.69921875,43988.412109375,44097.6484375,43874.05078125,43990.44921875,,,,,,,0.0,477136.5234375
2023-06-13 09:30:00+05:30,43968.1276968311,44117.6484375,43968.1276968311,44089.9619140625,44117.6484375,43874.05078125,43990.44921875,Bank,25,0,Sell_exit,0.0,44089.9619140625,4525.0,481661.5234375
2023-06-13 09:45:00+05:30,44029.0448054468,44119.0,44029.0448054468,44100.162109375,44119.0,43874.05078125,43990.44921875,Bank,25,1,Buy,44100.162109375,0,0.0,481661.5234375
2023-06-13 10:00:00+05:30,44064.6034574109,44095.05078125,44059.1484375,44076.0498046875,44119.0,43874.05078125,43990.44921875,,,,,,,0.0,481661.5234375
2023-06-13 10:15:00+05:30,44070.3266310492,44079.69921875,44039.8515625,44064.8251953125,44119.0,43874.05078125,43990.44921875,,,,,,,0.0,481661.5234375
2023-06-13 10:30:00+05:30,44067.57591318085,44115.55078125,44060.94921875,44090.6875,44119.0,43874.05078125,43990.44921875,,,,,,,0.0,481661.5234375
2023-06-13 10:45:00+05:30,44079.13170659043,44111.80078125,44079.13170659043,44101.5751953125,44119.0,43874.05078125,43990.44921875,,,,,,,0.0,481661.5234375
2023-06-13 11:00:00+05:30,44090.353450951465,44110.8984375,44077.05078125,44093.4873046875,44119.0,43874.05078125,43990.44921875,,,,,,,0.0,481661.5234375
2023-06-13 11:15:00+05:30,44091.92037781948,44117.6484375,44077.6015625,44096.3251953125,44119.0,43874.05078125,43990.44921875,,,,,,,0.0,481661.5234375
2023-06-13 11:30:00+05:30,44094.12278656599,44111.5,44065.6484375,44092.5751953125,44119.0,43874.05078125,43990.44921875,,,,,,,0.0,481661.5234375
2023-06-13 11:45:00+05:30,44093.348990939245,44093.348990939245,44043.75,44067.775390625,44119.0,43874.05078125,43990.44921875,,,,,,,0.0,481661.5234375
2023-06-13 12:00:00+05:30,44080.56219078212,44080.56219078212,44014.1015625,44036.6005859375,44119.0,44014.1015625,43990.44921875,,,,,,,0.0,481661.5234375
2023-06-13 12:15:00+05:30,44058.58138835981,44058.58138835981,44015.6015625,44027.9248046875,44119.0,44014.1015625,43990.44921875,,,,,,,0.0,481661.5234375
2023-06-13 12:30:00+05:30,44043.25309652365,44043.25309652365,44005.5,44022.625,44119.0,44005.5,43990.44921875,,,,,,,0.0,481661.5234375
2023-06-13 12:45:00+05:30,44032.939048261826,44038.1015625,44002.75,44019.30078125,44119.0,44002.75,43990.44921875,,,,,,,0.0,481661.5234375
2023-06-13 13:00:00+05:30,44026.11991475591,44026.11991475591,44001.25,44009.57421875,44119.0,44001.25,43990.44921875,,,,,,,0.0,481661.5234375
