,Unnamed: 0,Date,Open,High,Low,Close,V,OI,EMA-11,correlation_close_ema,Symbol,Qty,position,Buy/Sell,Entry Price,Exit Price,strategy_returns,returns
0,40473.85,2023-03-01T09:15:00+0530,40473.85,40502.3,40360.45,40443.362499999996,0,0,,,,,,,,,0.0,500000.0
1,40488.075,2023-03-01T09:30:00+0530,40442.4,40531.65,40412.0,40468.3375,0,0,,,,,,,,,0.0,500000.0
2,40509.8625,2023-03-01T09:45:00+0530,40487.05,40562.65,40462.7,40503.425,0,0,,,,,,,,,0.0,500000.0
3,40536.256250000006,2023-03-01T10:00:00+0530,40503.4,40596.8,40503.4,40534.3125,0,0,,,,,,,,,0.0,500000.0
4,40566.528125000004,2023-03-01T10:15:00+0530,40531.35,40604.7,40499.65,40558.6375,0,0,,,,,,,,,0.0,500000.0
5,40585.6140625,2023-03-01T10:30:00+0530,40595.8,40626.7,40540.95,40592.2875,0,0,,,,,,,,,0.0,500000.0
6,40606.15703125,2023-03-01T10:45:00+0530,40605.15,40634.0,40584.1,40609.7375,0,0,,,,,,,,,0.0,500000.0
7,40620.078515625,2023-03-01T11:00:00+0530,40617.2,40650.75,40566.05,40620.925,0,0,,,,,,,,,0.0,500000.0
8,40635.4142578125,2023-03-01T11:15:00+0530,40652.1,40674.85,40629.8,40648.45,0,0,,,,,,,,,0.0,500000.0
9,40655.13212890625,2023-03-01T11:30:00+0530,40643.55,40687.35,40598.35,40649.925,0,0,,,,,,,,,0.0,500000.0
10,40671.24106445312,2023-03-01T11:45:00+0530,40669.55,40674.4,40643.8,40661.0,0,0,40571.854545454546,89.14545454545441,,,,,,,0.0,500000.0
11,40672.82053222656,2023-03-01T12:00:00+0530,40656.0,40667.6,40562.65,40612.625,0,0,40578.64962121213,33.975378787872614,,,,,,,0.0,500000.0
12,40670.21026611328,2023-03-01T12:15:00+0530,40564.1,40610.65,40514.35,40572.55,0,0,40577.63301767677,-5.083017676770396,,,,,,,0.0,500000.0
13,40640.43013305664,2023-03-01T12:30:00+0530,40600.95,40621.45,40529.05,40589.425,0,0,40579.59834806398,9.826651936025883,,,,,,,0.0,500000.0
14,40630.94006652832,2023-03-01T12:45:00+0530,40608.5,40619.05,40588.95,40603.25,0,0,40583.540290053315,19.709709946684598,,,,,,,0.0,500000.0
15,40624.99503326416,2023-03-01T13:00:00+0530,40595.25,40601.95,40572.65,40588.3625,0,0,40584.343991711095,4.018508288907469,,,,,,,0.0,500000.0
16,40613.47251663208,2023-03-01T13:15:00+0530,40584.45,40603.4,40523.35,40575.675,0,0,40582.899159759254,-7.224159759251052,,,,,,,0.0,500000.0
17,40608.43625831604,2023-03-01T13:30:00+0530,40591.55,40610.65,40570.85,40595.90000000001,0,0,40585.06596646605,10.834033533959882,,,,,,,0.0,500000.0
18,40609.54312915802,2023-03-01T13:45:00+0530,40609.2,40700.0,40573.3,40623.0625,0,0,40591.39872205504,31.663777944959293,,,,,,,0.0,500000.0
19,40654.77156457901,2023-03-01T14:00:00+0530,40608.45,40666.45,40608.45,40634.375,0,0,40598.56143504587,35.813564954129106,,,,,,,0.0,500000.0
20,40660.6107822895,2023-03-01T14:15:00+0530,40653.65,40675.45,40619.85,40652.762500000004,0,0,40607.59494587156,45.167554128442134,,,,,,,0.0,500000.0
21,40668.03039114475,2023-03-01T14:30:00+0530,40663.1,40718.65,40656.05,40689.1125,0,0,40621.18120489297,67.93129510703147,,,,,,,0.0,500000.0
22,40693.340195572375,2023-03-01T14:45:00+0530,40718.7,40724.05,40677.0,40701.7875,0,0,40634.61558741081,67.17191258919047,,,,,,,0.0,500000.0
23,40708.695097786185,2023-03-01T15:00:00+0530,40688.4,40720.0,40657.8,40689.1,0,0,40643.69632284234,45.40367715765751,,,,,,,0.0,500000.0
24,40714.34754889309,2023-03-01T15:15:00+0530,40690.3,40719.9,40678.3,40697.9875,0,0,40652.74485236862,45.2426476313849,,,,,,,0.0,500000.0
25,40717.12377444655,2023-03-02T09:15:00+0530,40604.55,40771.3,40560.45,40628.875,0,0,40648.766543640515,-19.89154364051501,,,,,,,0.0,500000.0
26,40744.211887223275,2023-03-02T09:30:00+0530,40570.5,40606.35,40544.7,40578.9625,0,0,40637.1325363671,-58.170036367097055,,,,,,,0.0,500000.0
27,40675.28094361164,2023-03-02T09:45:00+0530,40595.25,40642.2,40569.0,40601.8875,0,0,40631.258363639245,-29.370863639247546,,,,,,,0.0,500000.0
28,40658.74047180582,2023-03-02T10:00:00+0530,40598.45,40688.05,40559.3,40617.0625,0,0,40628.89238636604,-11.829886366038409,,,,,,,0.0,500000.0
29,40673.395235902906,2023-03-02T10:15:00+0530,40626.3,40653.95,40588.55,40623.7375,0,0,40628.03323863837,-4.295738638364128,,,,,,,0.0,500000.0
30,40663.67261795145,2023-03-02T10:30:00+0530,40626.15,40704.75,40621.5,40660.5375,0,0,40633.450615531976,27.086884468022618,,,,,,,0.0,500000.0
31,40684.211308975726,2023-03-02T10:45:00+0530,40691.65,40710.35,40627.3,40671.2125,0,0,40639.74426294331,31.46823705668794,,,,,,,0.0,500000.0
32,40697.28065448786,2023-03-02T11:00:00+0530,40660.85,40695.3,40601.05,40655.3125,0,0,40642.338969119424,12.973530880575709,,,,,,,0.0,500000.0
33,40696.29032724393,2023-03-02T11:15:00+0530,40665.9,40673.35,40574.15,40634.1875,0,0,40640.980390932855,-6.792890932854789,,,,,,,0.0,500000.0
34,40684.82016362196,2023-03-02T11:30:00+0530,40623.7,40639.15,40610.1,40623.575000000004,0,0,40638.07949244405,-14.504492444044445,,,,,,,0.0,500000.0
35,40661.985081810984,2023-03-02T11:45:00+0530,40618.75,40641.15,40613.45,40626.475,0,0,40636.14541037004,-9.670410370039463,,,,,,,0.0,500000.0
36,40651.5675409055,2023-03-02T12:00:00+0530,40626.85,40691.45,40606.35,40637.2875,0,0,40636.3357586417,0.9517413583016605,,,,,,,0.0,500000.0
37,40671.50877045275,2023-03-02T12:15:00+0530,40625.3,40639.05,40558.4,40598.6875,0,0,40630.06104886808,-31.373548868083162,,,,,,,0.0,500000.0
38,40655.27938522637,2023-03-02T12:30:00+0530,40575.15,40598.05,40560.6,40577.71250000001,0,0,40621.33629072341,-43.623790723402635,,,,,,,0.0,500000.0
39,40626.66469261319,2023-03-02T12:45:00+0530,40575.05,40611.2,40550.75,40574.325,0,0,40613.50107560284,-39.17607560284523,,,,,,,0.0,500000.0
40,40618.932346306596,2023-03-02T13:00:00+0530,40559.4,40612.9,40510.65,40549.3625,0,0,40602.81131300237,-53.44881300236739,,,,,,,0.0,500000.0
41,40615.916173153295,2023-03-02T13:15:00+0530,40513.55,40577.55,40510.6,40530.287500000006,0,0,40590.724010835314,-60.43651083530858,,,,,,,0.0,500000.0
42,40596.73308657665,2023-03-02T13:30:00+0530,40512.75,40530.5,40425.25,40473.825,0,0,40571.240842362764,-97.41584236276685,,,,,,,0.0,500000.0
43,40563.61654328833,2023-03-02T13:45:00+0530,40425.9,40455.9,40419.05,40435.0125,0,0,40548.53611863564,-113.52361863564147,Bank,25,-1,Sell,40435.0125,0,0.0,500000.0
44,40509.75827164417,2023-03-02T14:00:00+0530,40436.8,40452.45,40370.75,40424.5375,0,0,40527.86968219637,-103.3321821963691,,,,,,,0.0,500000.0
45,40481.10413582208,2023-03-02T14:15:00+0530,40433.5,40474.45,40398.1,40441.325,0,0,40513.44556849697,-72.12056849697547,,,,,,,0.0,500000.0
46,40477.77706791104,2023-03-02T14:30:00+0530,40459.75,40498.55,40422.2,40455.2125,0,0,40503.74005708081,-48.52755708080804,,,,,,,0.0,500000.0
47,40488.16353395552,2023-03-02T14:45:00+0530,40435.35,40452.5,40378.8,40420.637500000004,0,0,40489.88963090068,-69.252130900677,,,,,,,0.0,500000.0
48,40470.33176697776,2023-03-02T15:00:00+0530,40419.6,40443.5,40394.65,40418.25,0,0,40477.949692417234,-59.69969241723447,,,,,,,0.0,500000.0
49,40456.91588348888,2023-03-02T15:15:00+0530,40416.2,40417.6,40315.7,40370.549999999996,0,0,40460.049743681026,-89.49974368102994,,,,,,,0.0,500000.0
50,40437.257941744436,2023-03-03T09:15:00+0530,40671.4,40800.55,40630.7,40721.25,0,0,40503.58311973419,217.6668802658096,Bank,25,0,Sell_exit,0.0,40721.25,-7155.937500000073,492844.06249999994
51,40618.90397087222,2023-03-03T09:30:00+0530,40783.65,40835.8,40733.25,40788.287500000006,0,0,40551.0338497785,237.253650221508,Bank,25,1,Buy,40788.287500000006,0,0.0,492844.06249999994
52,40727.35198543611,2023-03-03T09:45:00+0530,40801.15,40916.75,40800.15,40851.6,0,0,40601.12820814875,250.47179185124696,,,,,,,0.0,492844.06249999994
53,40822.050992718054,2023-03-03T10:00:00+0530,40885.7,41002.8,40851.2,40934.7625,0,0,40656.733923457294,278.0285765427034,,,,,,,0.0,492844.06249999994
54,40912.42549635903,2023-03-03T10:15:00+0530,41001.35,41065.55,40983.55,41028.9125,0,0,40718.76368621441,310.14881378558493,,,,,,,0.0,492844.06249999994
55,40988.98774817951,2023-03-03T10:30:00+0530,41060.3,41121.95,41037.55,41085.4375,0,0,40779.87598851201,305.5615114879911,,,,,,,0.0,492844.06249999994
56,41055.468874089755,2023-03-03T10:45:00+0530,41119.9,41256.65,41114.95,41171.0875,0,0,40845.07790709334,326.00959290665924,,,,,,,0.0,492844.06249999994
57,41156.05943704488,2023-03-03T11:00:00+0530,41194.2,41231.6,41137.05,41189.475,0,0,40902.47742257779,286.9975774222112,,,,,,,0.0,492844.06249999994
58,41193.82971852244,2023-03-03T11:15:00+0530,41188.25,41250.4,41143.85,41199.9375,0,0,40952.054102148155,247.88339785184507,,,,,,,0.0,492844.06249999994
59,41222.114859261215,2023-03-03T11:30:00+0530,41219.1,41298.45,41215.25,41256.325,0,0,41002.7659184568,253.5590815432006,,,,,,,0.0,492844.06249999994
60,41260.282429630606,2023-03-03T11:45:00+0530,41291.3,41300.25,41235.0,41268.775,0,0,41047.10076538067,221.67423461933504,,,,,,,0.0,492844.06249999994
61,41280.2662148153,2023-03-03T12:00:00+0530,41249.75,41318.25,41249.75,41274.425,0,0,41084.98813781722,189.43686218278162,,,,,,,0.0,492844.06249999994
62,41299.25810740765,2023-03-03T12:15:00+0530,41281.25,41291.45,41231.05,41259.925,0,0,41114.14428151435,145.78071848565014,,,,,,,0.0,492844.06249999994
63,41295.35405370382,2023-03-03T12:30:00+0530,41235.65,41261.3,41155.55,41205.425,0,0,41129.357734595294,76.06726540470845,,,,,,,0.0,492844.06249999994
64,41278.32702685191,2023-03-03T12:45:00+0530,41168.9,41215.25,41167.55,41191.1125,0,0,41139.650195496084,51.46230450391886,,,,,,,0.0,492844.06249999994
65,41246.788513425956,2023-03-03T13:00:00+0530,41213.1,41234.15,41192.75,41214.8125,0,0,41152.177246246734,62.635253753265715,,,,,,,0.0,492844.06249999994
66,41240.46925671298,2023-03-03T13:15:00+0530,41218.25,41295.0,41217.5,41252.7,0,0,41168.93103853895,83.76896146104991,,,,,,,0.0,492844.06249999994
67,41267.73462835649,2023-03-03T13:30:00+0530,41279.55,41326.2,41276.2,41299.8375,0,0,41190.74878211579,109.08871788420947,,,,,,,0.0,492844.06249999994
68,41296.96731417824,2023-03-03T13:45:00+0530,41317.75,41340.6,41298.0,41314.225000000006,0,0,41211.32815176316,102.89684823684365,,,,,,,0.0,492844.06249999994
69,41318.78365708912,2023-03-03T14:00:00+0530,41301.3,41349.95,41296.95,41321.0625,0,0,41229.617209802636,91.44529019736365,,,,,,,0.0,492844.06249999994
70,41334.36682854456,2023-03-03T14:15:00+0530,41339.25,41389.0,41337.45,41359.675,0,0,41251.29350816886,108.38149183114001,,,,,,,0.0,492844.06249999994
71,41361.68341427228,2023-03-03T14:30:00+0530,41371.8,41377.2,41313.9,41346.587499999994,0,0,41267.17584014072,79.41165985927364,,,,,,,0.0,492844.06249999994
72,41369.44170713614,2023-03-03T14:45:00+0530,41320.0,41366.1,41308.1,41330.950000000004,0,0,41277.80486678394,53.145133216065005,,,,,,,0.0,492844.06249999994
73,41367.77085356807,2023-03-03T15:00:00+0530,41329.45,41329.45,41225.7,41280.549999999996,0,0,41278.262388986615,2.2876110133802285,,,,,,,0.0,492844.06249999994
74,41348.610426784035,2023-03-03T15:15:00+0530,41237.75,41256.4,41200.55,41232.8875,0,0,41270.69990748885,-37.81240748885466,Bank,25,0,Buy_Exit,0.0,41232.8875,11114.999999999782,503959.0624999997
75,41302.50521339202,2023-03-06T09:15:00+0530,41418.4,41558.75,41410.0,41482.712499999994,0,0,41306.035339574046,176.6771604259484,Bank,25,1,Buy,41482.712499999994,0,0.0,503959.0624999997
76,41430.62760669601,2023-03-06T09:30:00+0530,41550.0,41595.65,41512.0,41562.5375,0,0,41348.78569964504,213.75180035495578,,,,,,,0.0,503959.0624999997
77,41513.138803348,2023-03-06T09:45:00+0530,41590.45,41661.5,41561.5,41613.0,0,0,41392.82141637087,220.17858362913103,,,,,,,0.0,503959.0624999997
78,41587.319401674,2023-03-06T10:00:00+0530,41639.3,41662.25,41586.8,41633.8,0,0,41432.98451364239,200.81548635761283,,,,,,,0.0,503959.0624999997
79,41624.784700837,2023-03-06T10:15:00+0530,41647.2,41667.8,41581.75,41620.9875,0,0,41464.318344702,156.66915529800463,,,,,,,0.0,503959.0624999997
80,41646.2923504185,2023-03-06T10:30:00+0530,41586.05,41614.05,41547.8,41581.225000000006,0,0,41483.80278725167,97.42221274833719,,,,,,,0.0,503959.0624999997
81,41630.17117520925,2023-03-06T10:45:00+0530,41575.7,41604.35,41536.0,41566.837499999994,0,0,41497.64190604306,69.19559395693068,,,,,,,0.0,503959.0624999997
82,41617.26058760463,2023-03-06T11:00:00+0530,41551.15,41592.55,41407.8,41508.9375,0,0,41499.524505035886,9.41299496411375,,,,,,,0.0,503959.0624999997
83,41604.905293802316,2023-03-06T11:15:00+0530,41480.6,41492.35,41344.95,41428.274999999994,0,0,41487.64958752991,-59.3745875299137,Bank,25,0,Buy_Exit,0.0,41428.274999999994,-1360.9375,502598.1249999997
84,41548.62764690116,2023-03-06T11:30:00+0530,41394.85,41450.25,41385.3,41416.887500000004,0,0,41475.85590627493,-58.96840627492202,,,,,,,0.0,502598.1249999997
85,41499.438823450575,2023-03-06T11:45:00+0530,41435.2,41471.15,41396.55,41441.662500000006,0,0,41470.157005229106,-28.49450522910047,,,,,,,0.0,502598.1249999997
86,41485.29441172529,2023-03-06T12:00:00+0530,41470.35,41474.95,41376.75,41437.0625,0,0,41464.64125435759,-27.578754357593425,,,,,,,0.0,502598.1249999997
87,41480.122205862644,2023-03-06T12:15:00+0530,41426.85,41452.6,41361.7,41409.774999999994,0,0,41455.496878631326,-45.72187863133149,,,,,,,0.0,502598.1249999997
88,41466.36110293132,2023-03-06T12:30:00+0530,41397.2,41435.15,41360.8,41397.725000000006,0,0,41445.86823219278,-48.14323219277139,,,,,,,0.0,502598.1249999997
89,41450.755551465656,2023-03-06T12:45:00+0530,41399.0,41421.2,41336.4,41394.2125,0,0,41437.25894349398,-43.046443493978586,,,,,,,0.0,502598.1249999997
90,41435.97777573283,2023-03-06T13:00:00+0530,41420.6,41454.2,41360.1,41416.625,0,0,41433.819952911654,-17.194952911653672,,,,,,,0.0,502598.1249999997
91,41445.08888786641,2023-03-06T13:15:00+0530,41429.9,41429.9,41350.45,41393.3375,0,0,41427.072877426384,-33.73537742638291,,,,,,,0.0,502598.1249999997
92,41437.4944439332,2023-03-06T13:30:00+0530,41361.7,41361.7,41287.9,41331.25,0,0,41411.10239785532,-79.8523978553203,,,,,,,0.0,502598.1249999997
93,41399.5972219666,2023-03-06T13:45:00+0530,41314.3,41359.75,41290.75,41326.575,0,0,41397.01449821277,-70.43949821277056,,,,,,,0.0,502598.1249999997
94,41379.6736109833,2023-03-06T14:00:00+0530,41339.65,41394.25,41308.6,41342.9625,0,0,41388.00583184398,-45.043331843975466,,,,,,,0.0,502598.1249999997
95,41386.96180549165,2023-03-06T14:15:00+0530,41328.75,41388.6,41320.0,41350.6125,0,0,41381.77360986998,-31.161109869979555,,,,,,,0.0,502598.1249999997
96,41387.78090274583,2023-03-06T14:30:00+0530,41364.6,41381.1,41291.05,41331.95,0,0,41373.469674891654,-41.519674891656905,,,,,,,0.0,502598.1249999997
97,41384.44045137291,2023-03-06T14:45:00+0530,41291.75,41319.2,41260.55,41295.8375,0,0,41360.530979076386,-64.69347907638439,,,,,,,0.0,502598.1249999997
98,41351.82022568645,2023-03-06T15:00:00+0530,41314.65,41366.9,41273.5,41327.9375,0,0,41355.09873256366,-27.161232563659723,,,,,,,0.0,502598.1249999997
99,41359.36011284323,2023-03-06T15:15:00+0530,41355.7,41403.75,41336.65,41373.025,0,0,41358.08644380305,14.938556196953868,,,,,,,0.0,502598.1249999997
100,41381.55505642161,2023-03-08T09:15:00+0530,41178.35,41224.95,41121.5,41171.6375,0,0,41327.011619835874,-155.37411983587663,Bank,25,-1,Sell,41171.6375,0,0.0,502598.1249999997
101,41303.2525282108,2023-03-08T09:30:00+0530,41162.15,41355.25,41101.15,41216.487499999996,0,0,41308.59093319656,-92.10343319656386,,,,,,,0.0,502598.1249999997
102,41329.251264105405,2023-03-08T09:45:00+0530,41246.25,41348.7,41198.9,41277.7625,0,0,41303.45286099713,-25.69036099713412,,,,,,,0.0,502598.1249999997
103,41338.9756320527,2023-03-08T10:00:00+0530,41320.2,41340.75,41238.55,41284.5125,0,0,41300.29613416428,-15.783634164283285,,,,,,,0.0,502598.1249999997
104,41339.86281602635,2023-03-08T10:15:00+0530,41239.8,41277.2,41195.2,41227.55,0,0,41288.171778470234,-60.62177847023122,,,,,,,0.0,502598.1249999997
105,41308.53140801317,2023-03-08T10:30:00+0530,41181.9,41260.05,41181.9,41212.9875,0,0,41275.641065391865,-62.653565391861775,,,,,,,0.0,502598.1249999997
106,41284.29070400659,2023-03-08T10:45:00+0530,41229.0,41270.2,41193.55,41235.875,0,0,41269.013387826555,-33.13838782655512,,,,,,,0.0,502598.1249999997
107,41277.245352003294,2023-03-08T11:00:00+0530,41252.95,41286.9,41211.05,41244.175,0,0,41264.87365652213,-20.698656522130477,,,,,,,0.0,502598.1249999997
108,41282.07267600165,2023-03-08T11:15:00+0530,41226.45,41270.2,41199.45,41234.95,0,0,41259.88638043511,-24.936380435116007,,,,,,,0.0,502598.1249999997
109,41276.136338000826,2023-03-08T11:30:00+0530,41243.85,41295.1,41211.95,41254.5,0,0,41258.9886503626,-4.4886503625966725,,,,,,,0.0,502598.1249999997
110,41285.618169000416,2023-03-08T11:45:00+0530,41264.45,41319.55,41254.25,41282.4375,0,0,41262.89679196883,19.540708031170652,Bank,25,0,Sell_exit,0.0,41282.4375,-2770.0000000000728,499828.12499999965
111,41302.58408450021,2023-03-08T12:00:00+0530,41293.7,41326.1,41272.4,41293.97499999999,0,0,41268.07649330736,25.89850669263251,,,,,,,0.0,499828.12499999965
112,41314.34204225011,2023-03-08T12:15:00+0530,41285.65,41349.75,41273.5,41308.1375,0,0,41274.75332775613,33.38417224386649,,,,,,,0.0,499828.12499999965
113,41332.046021125054,2023-03-08T12:30:00+0530,41325.6,41372.6,41289.6,41322.95,0,0,41282.78610646344,40.163893536555406,,,,,,,0.0,499828.12499999965
114,41352.323010562526,2023-03-08T12:45:00+0530,41303.5,41337.85,41284.3,41312.037500000006,0,0,41287.66133871954,24.376161280466476,,,,,,,0.0,499828.12499999965
115,41345.08650528126,2023-03-08T13:00:00+0530,41320.85,41359.75,41277.0,41313.775,0,0,41292.013615599615,21.761384400386305,,,,,,,0.0,499828.12499999965
116,41352.41825264063,2023-03-08T13:15:00+0530,41299.5,41338.45,41296.6,41308.737499999996,0,0,41294.800929666344,13.936570333651616,,,,,,,0.0,499828.12499999965
117,41345.43412632031,2023-03-08T13:30:00+0530,41300.15,41312.25,41278.95,41298.5125,0,0,41295.419524721954,3.0929752780430135,,,,,,,0.0,499828.12499999965
118,41328.842063160155,2023-03-08T13:45:00+0530,41302.6,41408.9,41290.75,41352.775,0,0,41304.97877060163,47.796229398372816,,,,,,,0.0,499828.12499999965
119,41368.87103158008,2023-03-08T14:00:00+0530,41406.1,41479.05,41393.3,41434.6125,0,0,41326.58439216803,108.02810783197492,Bank,25,1,Buy,41434.6125,0,0.0,499828.12499999965
120,41423.96051579004,2023-03-08T14:15:00+0530,41456.9,41493.95,41413.55,41461.4,0,0,41349.05366014002,112.34633985997789,,,,,,,0.0,499828.12499999965
121,41458.95525789502,2023-03-08T14:30:00+0530,41480.65,41501.15,41394.6,41457.425,0,0,41367.11555011669,90.30944988331612,,,,,,,0.0,499828.12499999965
122,41480.05262894751,2023-03-08T14:45:00+0530,41451.4,41459.4,41422.7,41445.125,0,0,41380.11712509724,65.0078749027598,,,,,,,0.0,499828.12499999965
123,41469.72631447375,2023-03-08T15:00:00+0530,41453.65,41603.85,41451.1,41523.7125,0,0,41404.049687581035,119.6628124189665,,,,,,,0.0,499828.12499999965
124,41536.78815723688,2023-03-08T15:15:00+0530,41586.0,41625.35,41570.95,41588.95,0,0,41434.86640631753,154.08359368246602,,,,,,,0.0,499828.12499999965
125,41581.06907861844,2023-03-09T09:15:00+0530,41532.65,41631.0,41456.9,41529.2875,0,0,41450.60325526461,78.68424473539199,,,,,,,0.0,499828.12499999965
126,41606.03453930922,2023-03-09T09:30:00+0530,41498.1,41527.6,41463.0,41500.4375,0,0,41458.90896272051,41.52853727948968,,,,,,,0.0,499828.12499999965
127,41566.81726965461,2023-03-09T09:45:00+0530,41510.45,41537.15,41447.95,41486.9125,0,0,41463.576218933755,23.336281066243828,,,,,,,0.0,499828.12499999965
128,41551.98363482731,2023-03-09T10:00:00+0530,41450.45,41502.4,41436.1,41465.412500000006,0,0,41463.882265778135,1.5302342218710692,,,,,,,0.0,499828.12499999965
129,41527.19181741365,2023-03-09T10:15:00+0530,41468.5,41563.7,41462.05,41512.675,0,0,41472.01438814845,40.660611851555586,,,,,,,0.0,499828.12499999965
130,41545.445908706824,2023-03-09T10:30:00+0530,41555.55,41561.1,41486.7,41524.274999999994,0,0,41480.724490123706,43.55050987628783,,,,,,,0.0,499828.12499999965
131,41553.27295435341,2023-03-09T10:45:00+0530,41496.5,41536.1,41494.9,41513.8875,0,0,41486.25165843642,27.635841563576832,,,,,,,0.0,499828.12499999965
132,41544.6864771767,2023-03-09T11:00:00+0530,41525.65,41561.4,41516.5,41540.925,0,0,41495.36388203035,45.561117969649786,,,,,,,0.0,499828.12499999965
133,41553.04323858835,2023-03-09T11:15:00+0530,41558.95,41616.35,41553.05,41579.112499999996,0,0,41509.32198502529,69.79051497470209,,,,,,,0.0,499828.12499999965
134,41584.696619294176,2023-03-09T11:30:00+0530,41587.3,41655.5,41587.3,41614.15,0,0,41526.79332085441,87.35667914558871,,,,,,,0.0,499828.12499999965
135,41620.09830964709,2023-03-09T11:45:00+0530,41634.3,41635.9,41543.75,41598.4375,0,0,41538.73401737868,59.70348262132029,,,,,,,0.0,499828.12499999965
136,41627.99915482354,2023-03-09T12:00:00+0530,41580.65,41585.5,41495.95,41547.5,0,0,41540.19501448224,7.304985517759633,,,,,,,0.0,499828.12499999965
137,41606.74957741177,2023-03-09T12:15:00+0530,41528.15,41529.1,41444.25,41489.375,0,0,41531.725012068535,-42.35001206853485,Bank,25,0,Buy_Exit,0.0,41489.375,1369.0624999999272,501197.18749999953
138,41567.92478870589,2023-03-09T12:30:00+0530,41460.25,41481.45,41415.5,41452.775,0,0,41518.566676723785,-65.7916767237839,,,,,,,0.0,501197.18749999953
139,41524.68739435294,2023-03-09T12:45:00+0530,41454.05,41488.95,41431.7,41464.925,0,0,41509.62639726982,-44.7013972698187,,,,,,,0.0,501197.18749999953
140,41506.818697176466,2023-03-09T13:00:00+0530,41483.5,41493.6,41451.35,41470.662500000006,0,0,41503.13241439152,-32.46991439151316,,,,,,,0.0,501197.18749999953
141,41500.209348588236,2023-03-09T13:15:00+0530,41457.25,41504.7,41443.3,41476.0875,0,0,41498.6249286596,-22.537428659597936,,,,,,,0.0,501197.18749999953
142,41502.45467429412,2023-03-09T13:30:00+0530,41498.6,41498.6,41373.0,41439.975,0,0,41488.84994054967,-48.87494054967101,,,,,,,0.0,501197.18749999953
143,41500.527337147054,2023-03-09T13:45:00+0530,41388.55,41406.55,41351.2,41382.6125,0,0,41471.14370045806,-88.53120045805554,,,,,,,0.0,501197.18749999953
144,41453.53866857353,2023-03-09T14:00:00+0530,41381.75,41431.55,41374.75,41393.425,0,0,41458.19058371505,-64.76558371504507,,,,,,,0.0,501197.18749999953
145,41442.544334286766,2023-03-09T14:15:00+0530,41385.55,41414.6,41360.75,41388.125,0,0,41446.51298642921,-58.38798642921029,,,,,,,0.0,501197.18749999953
146,41428.572167143386,2023-03-09T14:30:00+0530,41396.25,41403.2,41348.25,41382.1,0,0,41435.777488691005,-53.67748869100615,,,,,,,0.0,501197.18749999953
147,41415.88608357169,2023-03-09T14:45:00+0530,41382.55,41386.4,41292.8,41341.9,0,0,41420.131240575836,-78.23124057583482,,,,,,,0.0,501197.18749999953
148,41401.14304178585,2023-03-09T15:00:00+0530,41308.6,41323.15,41243.35,41279.6125,0,0,41396.71145047987,-117.09895047986356,Bank,25,-1,Sell,41279.6125,0,0.0,501197.18749999953
149,41362.14652089293,2023-03-09T15:15:00+0530,41244.8,41272.1,41209.15,41238.487499999996,0,0,41370.34079206656,-131.85329206656752,,,,,,,0.0,501197.18749999953
150,41317.12326044646,2023-03-10T09:15:00+0530,40805.25,40811.2,40516.4,40677.0,0,0,41254.7839933888,-577.7839933888026,,,,,,,0.0,501197.18749999953
151,41064.16163022323,2023-03-10T09:30:00+0530,40578.45,40578.45,40394.75,40493.8625,0,0,41127.96374449067,-634.1012444906664,,,,,,,0.0,501197.18749999953
152,40821.30581511161,2023-03-10T09:45:00+0530,40426.05,40522.4,40410.75,40469.5,0,0,41018.219787075555,-548.7197870755554,,,,,,,0.0,501197.18749999953
153,40671.8529075558,2023-03-10T10:00:00+0530,40520.05,40565.45,40499.45,40531.275,0,0,40937.06232256297,-405.78732256296644,,,,,,,0.0,501197.18749999953
154,40618.6514537779,2023-03-10T10:15:00+0530,40540.7,40659.5,40501.5,40572.4,0,0,40876.28526880247,-303.8852688024708,,,,,,,0.0,501197.18749999953
155,40639.07572688895,2023-03-10T10:30:00+0530,40586.1,40599.6,40516.8,40570.9375,0,0,40825.39397400206,-254.4564740020578,,,,,,,0.0,501197.18749999953
156,40619.337863444474,2023-03-10T10:45:00+0530,40580.15,40627.8,40567.2,40588.2375,0,0,40785.86789500172,-197.63039500171726,,,,,,,0.0,501197.18749999953
157,40623.56893172224,2023-03-10T11:00:00+0530,40576.95,40617.35,40538.95,40579.899999999994,0,0,40751.53991250144,-171.63991250144318,,,,,,,0.0,501197.18749999953
158,40620.45946586112,2023-03-10T11:15:00+0530,40592.7,40624.6,40558.4,40592.612499999996,0,0,40725.052010417865,-132.43951041786931,,,,,,,0.0,501197.18749999953
159,40622.52973293056,2023-03-10T11:30:00+0530,40597.2,40629.2,40563.25,40590.175,0,0,40702.57250868156,-112.39750868155534,,,,,,,0.0,501197.18749999953
160,40625.86486646528,2023-03-10T11:45:00+0530,40567.4,40605.55,40553.1,40574.450000000004,0,0,40681.21875723463,-106.76875723462581,,,,,,,0.0,501197.18749999953
161,40615.707433232645,2023-03-10T12:00:00+0530,40570.55,40576.15,40506.1,40540.4875,0,0,40657.763547695526,-117.27604769552272,,,,,,,0.0,501197.18749999953
162,40595.92871661633,2023-03-10T12:15:00+0530,40507.05,40547.15,40458.4,40495.4375,0,0,40630.70920641294,-135.27170641293924,,,,,,,0.0,501197.18749999953
163,40571.53935830816,2023-03-10T12:30:00+0530,40471.45,40494.25,40421.7,40464.9375,0,0,40603.080588677454,-138.14308867745422,,,,,,,0.0,501197.18749999953
164,40532.89467915408,2023-03-10T12:45:00+0530,40476.9,40507.1,40467.0,40486.0875,0,0,40583.58174056455,-97.49424056454882,,,,,,,0.0,501197.18749999953
165,40519.997339577036,2023-03-10T13:00:00+0530,40507.75,40572.5,40507.75,40529.0,0,0,40574.4847838038,-45.484783803796745,,,,,,,0.0,501197.18749999953
166,40546.24866978852,2023-03-10T13:15:00+0530,40526.3,40536.9,40470.1,40505.662500000006,0,0,40563.01440316983,-57.351903169823345,,,,,,,0.0,501197.18749999953
167,40541.57433489426,2023-03-10T13:30:00+0530,40489.25,40496.3,40434.05,40465.412500000006,0,0,40546.747419308194,-81.33491930818855,,,,,,,0.0,501197.18749999953
168,40518.93716744713,2023-03-10T13:45:00+0530,40443.4,40481.8,40394.05,40442.125,0,0,40529.3103494235,-87.18534942349652,,,,,,,0.0,501197.18749999953
169,40500.36858372357,2023-03-10T14:00:00+0530,40449.4,40497.05,40400.2,40449.5875,0,0,40516.023207852915,-66.43570785291377,,,,,,,0.0,501197.18749999953
170,40498.709291861785,2023-03-10T14:15:00+0530,40451.7,40472.7,40397.55,40431.5875,0,0,40501.95058987743,-70.36308987742814,,,,,,,0.0,501197.18749999953
171,40485.70464593089,2023-03-10T14:30:00+0530,40403.4,40449.65,40380.4,40414.725000000006,0,0,40487.412991564524,-72.6879915645186,,,,,,,0.0,501197.18749999953
172,40467.67732296545,2023-03-10T14:45:00+0530,40429.9,40430.25,40345.4,40400.674999999996,0,0,40472.9566596371,-72.2816596371049,,,,,,,0.0,501197.18749999953
173,40448.963661482725,2023-03-10T15:00:00+0530,40407.7,40517.25,40407.7,40455.6375,0,0,40470.07013303092,-14.432633030919533,,,,,,,0.0,501197.18749999953
174,40483.106830741366,2023-03-10T15:15:00+0530,40488.9,40523.15,40472.3,40493.275,0,0,40473.937610859095,19.337389140906453,Bank,25,0,Sell_exit,0.0,40493.275,19658.437500000036,520855.6249999996
175,40503.12841537068,2023-03-13T09:15:00+0530,40356.1,40629.65,40348.15,40478.6375,0,0,40474.72092571591,3.9165742840850726,,,,,,,0.0,520855.6249999996
176,40566.38920768534,2023-03-13T09:30:00+0530,40581.1,40687.75,40447.75,40552.0625,0,0,40487.6111880966,64.4513119034018,,,,,,,0.0,520855.6249999996
177,40627.06960384267,2023-03-13T09:45:00+0530,40494.1,40571.35,40386.55,40496.1625,0,0,40489.03640674717,7.126093252831197,,,,,,,0.0,520855.6249999996
178,40599.20980192133,2023-03-13T10:00:00+0530,40533.15,40594.6,40502.95,40533.675,0,0,40496.47617228931,37.19882771069388,,,,,,,0.0,520855.6249999996
179,40596.90490096067,2023-03-13T10:15:00+0530,40500.8,40540.1,40448.1,40484.275,0,0,40494.442643574424,-10.167643574422982,,,,,,,0.0,520855.6249999996
180,40568.50245048033,2023-03-13T10:30:00+0530,40445.9,40516.0,40416.35,40464.5875,0,0,40489.46678631202,-24.87928631201794,,,,,,,0.0,520855.6249999996
181,40542.251225240165,2023-03-13T10:45:00+0530,40482.95,40515.95,40450.9,40483.0,0,0,40488.388988593346,-5.388988593345857,,,,,,,0.0,520855.6249999996
182,40529.10061262008,2023-03-13T11:00:00+0530,40475.9,40484.75,40335.35,40416.3375,0,0,40476.38040716112,-60.04290716112155,,,,,,,0.0,520855.6249999996
183,40506.92530631004,2023-03-13T11:15:00+0530,40364.15,40421.8,40306.15,40361.525,0,0,40457.23783930094,-95.71283930094069,,,,,,,0.0,520855.6249999996
184,40464.362653155025,2023-03-13T11:30:00+0530,40350.8,40355.15,40198.25,40285.075000000004,0,0,40428.54403275079,-143.46903275078512,Bank,25,-1,Sell,40285.075000000004,0,0.0,520855.6249999996
185,40409.75632657751,2023-03-13T11:45:00+0530,40233.85,40250.8,40157.1,40217.925,0,0,40393.44086062566,-175.51586062565912,,,,,,,0.0,520855.6249999996
186,40330.278163288756,2023-03-13T12:00:00+0530,40233.4,40244.25,40153.1,40202.3125,0,0,40361.58613385472,-159.27363385471835,,,,,,,0.0,520855.6249999996
187,40287.264081644375,2023-03-13T12:15:00+0530,40179.85,40199.3,40097.7,40155.4375,0,0,40327.22802821227,-171.7905282122665,,,,,,,0.0,520855.6249999996
188,40243.28204082219,2023-03-13T12:30:00+0530,40141.5,40152.0,40036.7,40093.3125,0,0,40288.24210684356,-194.92960684355785,,,,,,,0.0,520855.6249999996
189,40197.641020411094,2023-03-13T12:45:00+0530,40036.0,40048.0,39927.5,39987.0,0,0,40238.0350890363,-251.035089036297,,,,,,,0.0,520855.6249999996
190,40122.82051020555,2023-03-13T13:00:00+0530,39938.2,39991.9,39907.9,39936.85,0,0,40187.83757419692,-250.98757419692265,,,,,,,0.0,520855.6249999996
191,40057.36025510277,2023-03-13T13:15:00+0530,39913.4,39987.8,39851.25,39909.9,0,0,40141.514645164105,-231.61464516410342,,,,,,,0.0,520855.6249999996
192,40022.58012755139,2023-03-13T13:30:00+0530,39886.65,39893.3,39681.45,39795.012500000004,0,0,40083.76428763675,-288.7517876367492,,,,,,,0.0,520855.6249999996
193,39957.94006377569,2023-03-13T13:45:00+0530,39721.0,39788.45,39684.05,39720.0125,0,0,40023.1389896973,-303.1264896973007,,,,,,,0.0,520855.6249999996
194,39873.195031887844,2023-03-13T14:00:00+0530,39690.35,39762.25,39659.15,39698.725,0,0,39969.06999141442,-270.3449914144221,,,,,,,0.0,520855.6249999996
195,39817.722515943926,2023-03-13T14:15:00+0530,39686.0,39708.0,39613.55,39663.6125,0,0,39918.16040951202,-254.5479095120172,,,,,,,0.0,520855.6249999996
196,39762.86125797196,2023-03-13T14:30:00+0530,39644.5,39664.55,39535.45,39618.4625,0,0,39868.21075792669,-249.74825792668707,,,,,,,0.0,520855.6249999996
197,39713.70562898598,2023-03-13T14:45:00+0530,39630.1,39690.55,39544.55,39611.2375,0,0,39825.38188160558,-214.1443816055762,,,,,,,0.0,520855.6249999996
198,39702.127814493,2023-03-13T15:00:00+0530,39580.6,39655.65,39457.0,39547.6875,0,0,39779.099484671315,-231.4119846713147,,,,,,,0.0,520855.6249999996
199,39678.888907246495,2023-03-13T15:15:00+0530,39502.9,39684.65,39502.9,39579.3625,0,0,39745.8099872261,-166.44748722609802,,,,,,,0.0,520855.6249999996
200,39681.769453623245,2023-03-14T09:15:00+0530,39522.4,39637.45,39326.8,39515.762500000004,0,0,39707.468739355085,-191.70623935508047,,,,,,,0.0,520855.6249999996
201,39659.60972681162,2023-03-14T09:30:00+0530,39570.15,39765.7,39524.8,39599.9875,0,0,39689.55519946257,-89.56769946256827,,,,,,,0.0,520855.6249999996
202,39712.65486340581,2023-03-14T09:45:00+0530,39545.85,39689.85,39499.35,39587.212499999994,0,0,39672.49808288548,-85.28558288548811,,,,,,,0.0,520855.6249999996
203,39701.2524317029,2023-03-14T10:00:00+0530,39612.6,39624.25,39495.15,39560.3875,0,0,39653.8129857379,-93.42548573790555,,,,,,,0.0,520855.6249999996
204,39662.75121585145,2023-03-14T10:15:00+0530,39507.85,39520.25,39285.25,39404.15,0,0,39612.20248811493,-208.05248811492493,,,,,,,0.0,520855.6249999996
205,39591.50060792573,2023-03-14T10:30:00+0530,39304.5,39348.8,39221.45,39299.0625,0,0,39560.012490095774,-260.9499900957744,,,,,,,0.0,520855.6249999996
206,39470.150303962866,2023-03-14T10:45:00+0530,39320.1,39399.15,39242.65,39311.774999999994,0,0,39518.63957507982,-206.86457507982414,,,,,,,0.0,520855.6249999996
207,39434.650151981434,2023-03-14T11:00:00+0530,39280.0,39280.0,39173.6,39229.675,0,0,39470.478812566515,-240.80381256651162,,,,,,,0.0,520855.6249999996
208,39357.32507599072,2023-03-14T11:15:00+0530,39190.15,39243.75,39136.15,39196.899999999994,0,0,39424.88234380543,-227.98234380543727,,,,,,,0.0,520855.6249999996
209,39300.53753799536,2023-03-14T11:30:00+0530,39221.65,39313.4,39191.55,39247.2,0,0,39395.26861983786,-148.06861983786075,,,,,,,0.0,520855.6249999996
210,39306.968768997685,2023-03-14T11:45:00+0530,39258.55,39258.55,39176.1,39223.3,0,0,39366.60718319822,-143.30718319821608,,,,,,,0.0,520855.6249999996
211,39282.759384498844,2023-03-14T12:00:00+0530,39201.45,39236.65,39152.95,39204.7375,0,0,39339.62890266519,-134.8914026651837,,,,,,,0.0,520855.6249999996
212,39259.70469224942,2023-03-14T12:15:00+0530,39229.05,39584.9,39215.0,39388.662500000006,0,0,39347.80116888766,40.861331112348125,Bank,25,0,Sell_exit,0.0,39388.662500000006,22410.312499999964,543265.9374999995
213,39422.30234612471,2023-03-14T12:30:00+0530,39517.3,39662.65,39441.0,39525.1875,0,0,39377.36555740638,147.8219425936186,Bank,25,1,Buy,39525.1875,0,0.0,543265.9374999995
214,39542.47617306236,2023-03-14T12:45:00+0530,39480.2,39499.25,39310.4,39406.8375,0,0,39382.277547838654,24.55995216134761,,,,,,,0.0,543265.9374999995
215,39520.86308653118,2023-03-14T13:00:00+0530,39336.95,39339.85,39248.85,39306.5375,0,0,39369.654206532214,-63.116706532215176,Bank,25,0,Buy_Exit,0.0,39306.5375,-5466.250000000036,537799.6874999995
216,39430.35654326559,2023-03-14T13:15:00+0530,39297.9,39449.5,39229.4,39356.0,0,0,39367.378505443514,-11.378505443513859,,,,,,,0.0,537799.6874999995
217,39439.928271632794,2023-03-14T13:30:00+0530,39445.95,39543.75,39362.1,39440.737499999996,0,0,39379.605004536264,61.132495463731175,,,,,,,0.0,537799.6874999995
218,39491.83913581639,2023-03-14T13:45:00+0530,39409.75,39459.8,39299.85,39385.899999999994,0,0,39380.65417044689,5.245829553103249,,,,,,,0.0,537799.6874999995
219,39475.8195679082,2023-03-14T14:00:00+0530,39374.15,39416.4,39329.45,39367.15,0,0,39378.40347537241,-11.253475372410321,,,,,,,0.0,537799.6874999995
220,39446.1097839541,2023-03-14T14:15:00+0530,39350.3,39530.45,39242.3,39399.4,0,0,39381.90289614368,17.49710385632352,,,,,,,0.0,537799.6874999995
221,39488.27989197705,2023-03-14T14:30:00+0530,39479.6,39525.4,39399.5,39466.3,0,0,39395.969080119736,70.33091988026717,,,,,,,0.0,537799.6874999995
222,39506.839945988526,2023-03-14T14:45:00+0530,39468.4,39507.5,39407.8,39465.125,0,0,39407.49506676645,57.62993323354749,,,,,,,0.0,537799.6874999995
223,39507.16997299426,2023-03-14T15:00:00+0530,39475.45,39540.75,39350.65,39457.475000000006,0,0,39415.825055638714,41.649944361292,,,,,,,0.0,537799.6874999995
224,39523.95998649713,2023-03-14T15:15:00+0530,39462.35,39481.35,39335.65,39440.175,0,0,39419.883379698935,20.29162030106818,,,,,,,0.0,537799.6874999995
225,39502.654993248565,2023-03-15T09:15:00+0530,39777.9,39909.75,39715.35,39803.5375,0,0,39483.82573308244,319.7117669175568,Bank,25,1,Buy,39803.5375,0,0.0,537799.6874999995
226,39706.20249662428,2023-03-15T09:30:00+0530,39813.7,39847.95,39654.5,39753.35,0,0,39528.746444235374,224.60355576462462,,,,,,,0.0,537799.6874999995
227,39777.076248312136,2023-03-15T09:45:00+0530,39696.5,39772.55,39675.1,39713.399999999994,0,0,39559.522036862814,153.8779631371799,,,,,,,0.0,537799.6874999995
228,39774.81312415607,2023-03-15T10:00:00+0530,39710.5,39732.3,39628.3,39691.9875,0,0,39581.59961405235,110.38788594765356,,,,,,,0.0,537799.6874999995
229,39753.55656207804,2023-03-15T10:15:00+0530,39697.8,39742.65,39651.75,39686.450000000004,0,0,39599.07467837696,87.37532162304706,,,,,,,0.0,537799.6874999995
230,39748.10328103902,2023-03-15T10:30:00+0530,39653.5,39678.35,39556.35,39612.875,0,0,39601.3747319808,11.500268019197392,,,,,,,0.0,537799.6874999995
231,39713.22664051951,2023-03-15T10:45:00+0530,39563.0,39574.7,39523.9,39555.4375,0,0,39593.71852665067,-38.281026650671265,Bank,25,0,Buy_Exit,0.0,39555.4375,-6202.499999999964,531597.1874999995
232,39643.963320259754,2023-03-15T11:00:00+0530,39561.0,39599.4,39504.65,39553.987499999996,0,0,39587.096688875565,-33.10918887556909,,,,,,,0.0,531597.1874999995
233,39621.68166012988,2023-03-15T11:15:00+0530,39551.3,39687.5,39545.6,39610.774999999994,0,0,39591.04307406297,19.731925937026972,,,,,,,0.0,531597.1874999995
234,39654.59083006494,2023-03-15T11:30:00+0530,39658.25,39702.6,39609.4,39652.725,0,0,39601.323395052474,51.4016049475249,,,,,,,0.0,531597.1874999995
235,39678.59541503247,2023-03-15T11:45:00+0530,39641.8,39657.05,39585.15,39618.375,0,0,39604.165329210395,14.209670789605298,,,,,,,0.0,531597.1874999995
236,39667.822707516236,2023-03-15T12:00:00+0530,39593.95,39599.2,39526.3,39561.7875,0,0,39597.10235767533,-35.31485767533013,,,,,,,0.0,531597.1874999995
237,39633.51135375812,2023-03-15T12:15:00+0530,39528.95,39549.3,39465.8,39506.5875,0,0,39582.01654806278,-75.42904806277511,,,,,,,0.0,531597.1874999995
238,39591.40567687906,2023-03-15T12:30:00+0530,39482.65,39527.7,39425.95,39487.45,0,0,39566.25545671899,-78.80545671899017,,,,,,,0.0,531597.1874999995
239,39559.55283843953,2023-03-15T12:45:00+0530,39512.1,39530.6,39374.05,39452.125,0,0,39547.23371393249,-95.10871393248817,,,,,,,0.0,531597.1874999995
240,39545.07641921977,2023-03-15T13:00:00+0530,39390.75,39433.1,39310.8,39369.162500000006,0,0,39517.55517827708,-148.39267827707226,Bank,25,-1,Sell,39369.162500000006,0,0.0,531597.1874999995
241,39489.08820960988,2023-03-15T13:15:00+0530,39341.15,39363.25,39296.4,39332.424999999996,0,0,39486.70014856423,-154.2751485642366,,,,,,,0.0,531597.1874999995
242,39426.16910480494,2023-03-15T13:30:00+0530,39331.25,39453.05,39295.65,39375.912500000006,0,0,39468.235540470196,-92.32304047018988,,,,,,,0.0,531597.1874999995
243,39439.60955240247,2023-03-15T13:45:00+0530,39442.55,39442.55,39235.35,39339.5875,0,0,39446.79420039183,-107.20670039182733,,,,,,,0.0,531597.1874999995
244,39441.07977620124,2023-03-15T14:00:00+0530,39238.85,39347.15,39229.7,39274.775,0,0,39418.124333659856,-143.3493336598549,,,,,,,0.0,531597.1874999995
245,39394.11488810062,2023-03-15T14:15:00+0530,39284.5,39340.85,39238.75,39277.9625,0,0,39394.76402804989,-116.80152804988757,,,,,,,0.0,531597.1874999995
246,39367.482444050314,2023-03-15T14:30:00+0530,39249.55,39300.65,39173.2,39225.200000000004,0,0,39366.50335670824,-141.30335670823843,,,,,,,0.0,531597.1874999995
247,39334.066222025154,2023-03-15T14:45:00+0530,39181.0,39231.25,39141.35,39189.2625,0,0,39336.96321392353,-147.70071392353566,,,,,,,0.0,531597.1874999995
248,39282.65811101258,2023-03-15T15:00:00+0530,39202.8,39216.6,39018.35,39118.95,0,0,39300.62767826961,-181.67767826961062,,,,,,,0.0,531597.1874999995
249,39249.62905550629,2023-03-15T15:15:00+0530,39039.1,39058.4,38938.95,39014.3125,0,0,39252.90848189134,-238.59598189133976,,,,,,,0.0,531597.1874999995
250,39154.01452775314,2023-03-16T09:15:00+0530,39061.7,39090.4,38851.75,38970.5625,0,0,39205.85081824278,-235.28831824278313,,,,,,,0.0,531597.1874999995
251,39122.20726387657,2023-03-16T09:30:00+0530,38879.45,38889.55,38706.75,38797.525,0,0,39137.796515202324,-340.2715152023229,,,,,,,0.0,531597.1874999995
252,39005.878631938285,2023-03-16T09:45:00+0530,38714.95,38807.35,38648.6,38727.5125,0,0,39069.41584600194,-341.9033460019418,,,,,,,0.0,531597.1874999995
253,38906.61431596914,2023-03-16T10:00:00+0530,38737.8,38740.9,38617.8,38690.700000000004,0,0,39006.29653833495,-315.5965383349467,,,,,,,0.0,531597.1874999995
254,38823.75715798457,2023-03-16T10:15:00+0530,38668.15,38958.15,38649.6,38788.587499999994,0,0,38970.011698612456,-181.42419861246162,,,,,,,0.0,531597.1874999995
255,38890.95357899228,2023-03-16T10:30:00+0530,38879.95,39087.45,38826.65,38960.087499999994,0,0,38968.35766551038,-8.270165510388324,,,,,,,0.0,531597.1874999995
256,38989.20178949614,2023-03-16T10:45:00+0530,39038.5,39162.2,38944.75,39066.6375,0,0,38984.73763792532,81.89986207467882,Bank,25,0,Sell_exit,0.0,39066.6375,7563.125000000218,539160.3124999998
257,39075.700894748064,2023-03-16T11:00:00+0530,39119.5,39263.4,39119.5,39166.3125,0,0,39015.000114937764,151.312385062236,Bank,25,1,Buy,39166.3125,0,0.0,539160.3124999998
258,39169.55044737403,2023-03-16T11:15:00+0530,39162.05,39203.9,39047.25,39135.200000000004,0,0,39035.0334291148,100.16657088520151,,,,,,,0.0,539160.3124999998
259,39186.72522368701,2023-03-16T11:30:00+0530,39125.55,39144.2,39010.7,39084.9125,0,0,39043.34660759567,41.56589240433095,,,,,,,0.0,539160.3124999998
260,39165.462611843504,2023-03-16T11:45:00+0530,39059.95,39086.5,38904.0,38997.1375,0,0,39035.645089663056,-38.50758966305875,Bank,25,0,Buy_Exit,0.0,38997.1375,-4229.375000000073,534930.9374999998
261,39125.981305921756,2023-03-16T12:00:00+0530,38941.7,38985.95,38821.4,38894.3875,0,0,39012.10215805255,-117.71465805255139,Bank,25,-1,Sell,38894.3875,0,0.0,534930.9374999998
262,39055.96565296088,2023-03-16T12:15:00+0530,38829.85,38849.1,38772.4,38811.825,0,0,38978.72263171046,-166.8976317104607,,,,,,,0.0,534930.9374999998
263,38952.53282648044,2023-03-16T12:30:00+0530,38802.5,38924.75,38755.95,38831.025,0,0,38954.10635975871,-123.08135975871119,,,,,,,0.0,534930.9374999998
264,38938.64141324022,2023-03-16T12:45:00+0530,38842.65,38921.7,38823.75,38872.5125,0,0,38940.507383132266,-67.99488313226902,,,,,,,0.0,534930.9374999998
265,38930.170706620105,2023-03-16T13:00:00+0530,38903.8,39015.8,38841.4,38928.95,0,0,38938.58115261022,-9.631152610221761,,,,,,,0.0,534930.9374999998
266,38972.985353310054,2023-03-16T13:15:00+0530,38958.35,39025.65,38896.5,38964.5,0,0,38942.900960508516,21.59903949148429,Bank,25,0,Sell_exit,0.0,38964.5,-1752.8125000000728,533178.1249999997
267,38999.31767665503,2023-03-16T13:30:00+0530,38981.0,39109.45,38967.7,39016.6875,0,0,38955.19871709043,61.48878290956782,,,,,,,0.0,533178.1249999997
268,39054.383838327514,2023-03-16T13:45:00+0530,39008.35,39008.35,38895.05,38961.2,0,0,38956.19893090869,5.001069091304089,,,,,,,0.0,533178.1249999997
269,39031.36691916376,2023-03-16T14:00:00+0530,38932.95,39216.55,38932.95,39071.1625,0,0,38975.359525757245,95.80297424275341,,,,,,,0.0,533178.1249999997
270,39123.95845958188,2023-03-16T14:15:00+0530,39204.6,39381.05,39168.6,39275.45,0,0,39025.374604797704,250.0753952022933,Bank,25,1,Buy,39275.45,0,0.0,533178.1249999997
271,39252.50422979094,2023-03-16T14:30:00+0530,39346.2,39362.6,39207.45,39284.087499999994,0,0,39068.49342066475,215.594079335242,,,,,,,0.0,533178.1249999997
272,39307.55211489547,2023-03-16T14:45:00+0530,39220.6,39248.05,39042.0,39152.0125,0,0,39082.413267220625,69.59923277937196,,,,,,,0.0,533178.1249999997
273,39277.80105744774,2023-03-16T15:00:00+0530,39098.35,39165.0,38990.25,39088.4625,0,0,39083.421472683855,5.041027316146938,,,,,,,0.0,533178.1249999997
274,39221.40052872387,2023-03-16T15:15:00+0530,39102.3,39236.55,39097.35,39161.575000000004,0,0,39096.44706056988,65.12793943012366,,,,,,,0.0,533178.1249999997
275,39228.975264361936,2023-03-17T09:15:00+0530,39442.4,39597.2,39369.15,39466.1625,0,0,39158.0663004749,308.0961995250982,,,,,,,0.0,533178.1249999997
276,39413.08763218096,2023-03-17T09:30:00+0530,39457.75,39477.9,39299.8,39385.85,0,0,39196.03025039575,189.8197496042485,,,,,,,0.0,533178.1249999997
277,39445.493816090486,2023-03-17T09:45:00+0530,39311.1,39404.9,39247.85,39303.8375,0,0,39213.99812532979,89.83937467021315,,,,,,,0.0,533178.1249999997
278,39425.19690804524,2023-03-17T10:00:00+0530,39244.9,39295.75,39222.65,39254.35,0,0,39220.723437774825,33.626562225173984,,,,,,,0.0,533178.1249999997
279,39360.47345402262,2023-03-17T10:15:00+0530,39246.3,39339.75,39173.5,39239.05,0,0,39223.77786481236,15.2721351876462,,,,,,,0.0,533178.1249999997
280,39350.11172701131,2023-03-17T10:30:00+0530,39196.6,39277.55,39193.85,39230.7375,0,0,39224.9378040103,5.799695989706379,,,,,,,0.0,533178.1249999997
281,39313.83086350566,2023-03-17T10:45:00+0530,39250.5,39269.6,39149.25,39217.5625,0,0,39223.708586675246,-6.146086675245897,Bank,25,0,Buy_Exit,0.0,39217.5625,-1447.1874999999272,531730.9374999998
282,39291.71543175283,2023-03-17T11:00:00+0530,39195.2,39222.15,39096.45,39152.9375,0,0,39211.91340556271,-58.97590556270734,,,,,,,0.0,531730.9374999998
283,39256.93271587642,2023-03-17T11:15:00+0530,39098.6,39168.55,39082.05,39117.5875,0,0,39196.19242130226,-78.60492130225612,,,,,,,0.0,531730.9374999998
284,39212.74135793821,2023-03-17T11:30:00+0530,39117.1,39118.95,39030.3,39091.649999999994,0,0,39178.76868441855,-87.11868441855768,,,,,,,0.0,531730.9374999998
285,39165.845678969104,2023-03-17T11:45:00+0530,39097.5,39197.8,39073.25,39134.025,0,0,39171.31140368213,-37.28640368212655,,,,,,,0.0,531730.9374999998
286,39181.82283948455,2023-03-17T12:00:00+0530,39165.85,39223.6,38988.9,39099.5625,0,0,39159.353253068446,-59.790753068446065,,,,,,,0.0,531730.9374999998
287,39202.71141974228,2023-03-17T12:15:00+0530,39022.15,39043.25,38952.95,39004.475,0,0,39133.54021089037,-129.06521089037415,Bank,25,-1,Sell,39004.475,0,0.0,531730.9374999998
288,39122.98070987114,2023-03-17T12:30:00+0530,38997.35,39033.85,38951.9,38997.4,0,0,39110.85017574198,-113.45017574197846,,,,,,,0.0,531730.9374999998
289,39078.41535493557,2023-03-17T12:45:00+0530,39005.45,39097.2,38992.8,39027.7,0,0,39096.991813118315,-69.2918131183178,,,,,,,0.0,531730.9374999998
290,39087.80767746778,2023-03-17T13:00:00+0530,39015.1,39082.55,38929.85,39022.175,0,0,39084.522344265264,-62.3473442652612,,,,,,,0.0,531730.9374999998
291,39085.17883873389,2023-03-17T13:15:00+0530,39056.85,39125.9,39011.55,39062.975,0,0,39080.93112022105,-17.956120221053425,,,,,,,0.0,531730.9374999998
292,39105.53941936695,2023-03-17T13:30:00+0530,39054.55,39152.0,39047.95,39079.3375,0,0,39080.66551685088,-1.3280168508790666,,,,,,,0.0,531730.9374999998
293,39128.769709683475,2023-03-17T13:45:00+0530,39063.2,39252.6,39061.0,39148.1875,0,0,39091.91918070907,56.268319290931686,Bank,25,0,Sell_exit,0.0,39148.1875,-3592.8125000000364,528138.1249999997
294,39190.68485484173,2023-03-17T14:00:00+0530,39216.35,39248.15,39168.6,39210.8875,0,0,39111.74723392422,99.14026607577398,,,,,,,0.0,528138.1249999997
295,39219.41742742086,2023-03-17T14:15:00+0530,39212.55,39230.5,39082.05,39165.5,0,0,39120.706028270186,44.793971729814075,,,,,,,0.0,528138.1249999997
296,39224.95871371043,2023-03-17T14:30:00+0530,39134.4,39353.35,39134.4,39232.0625,0,0,39139.26544022516,92.79705977484264,,,,,,,0.0,528138.1249999997
297,39289.154356855215,2023-03-17T14:45:00+0530,39299.95,39381.1,39223.6,39315.0,0,0,39168.55453352096,146.44546647903917,Bank,25,1,Buy,39315.0,0,0.0,528138.1249999997
298,39335.1271784276,2023-03-17T15:00:00+0530,39366.2,39668.05,39366.2,39506.225,0,0,39224.8329446008,281.3920553991993,,,,,,,0.0,528138.1249999997
299,39501.5885892138,2023-03-17T15:15:00+0530,39622.25,39691.65,39606.1,39651.65,0,0,39295.96912050067,355.68087949933397,,,,,,,0.0,528138.1249999997
300,39596.619294606906,2023-03-20T09:15:00+0530,39512.1,39512.1,39196.7,39379.375,0,0,39309.870100417225,69.50489958277467,,,,,,,0.0,528138.1249999997
301,39554.359647303456,2023-03-20T09:30:00+0530,39292.55,39314.8,39213.05,39271.875,0,0,39303.53758368103,-31.662583681027172,Bank,25,0,Buy_Exit,0.0,39271.875,-1078.125,527059.9999999997
302,39434.57982365173,2023-03-20T09:45:00+0530,39268.4,39304.75,39130.5,39210.0625,0,0,39287.958403067525,-77.89590306752507,,,,,,,0.0,527059.9999999997
303,39369.664911825865,2023-03-20T10:00:00+0530,39138.85,39218.9,39119.9,39165.325,0,0,39267.51950255627,-102.19450255627453,Bank,25,-1,Sell,39165.325,0,0.0,527059.9999999997
304,39294.28245591294,2023-03-20T10:15:00+0530,39184.15,39204.95,39065.75,39135.8125,0,0,39245.56833546356,-109.75583546356211,,,,,,,0.0,527059.9999999997
305,39249.61622795647,2023-03-20T10:30:00+0530,39086.1,39175.3,39036.05,39113.1625,0,0,39223.500696219635,-110.3381962196363,,,,,,,0.0,527059.9999999997
306,39212.45811397824,2023-03-20T10:45:00+0530,39155.05,39384.9,39119.85,39259.8625,0,0,39229.5609968497,30.30150315030187,Bank,25,0,Sell_exit,0.0,39259.8625,-2363.4375000001455,524696.5624999995
307,39298.679056989116,2023-03-20T11:00:00+0530,39375.95,39439.25,39243.6,39343.1,0,0,39248.484164041416,94.61583595858247,,,,,,,0.0,524696.5624999995
308,39368.96452849456,2023-03-20T11:15:00+0530,39316.55,39318.45,39206.9,39274.1375,0,0,39252.75972003452,21.377779965478112,,,,,,,0.0,524696.5624999995
309,39343.70726424728,2023-03-20T11:30:00+0530,39254.45,39258.5,39164.25,39214.75,0,0,39246.42476669543,-31.67476669543248,,,,,,,0.0,524696.5624999995
310,39301.10363212364,2023-03-20T11:45:00+0530,39179.75,39280.7,39141.35,39187.0125,0,0,39236.52272224619,-49.510222246193734,,,,,,,0.0,524696.5624999995
311,39290.901816061814,2023-03-20T12:00:00+0530,39146.7,39190.65,39059.15,39117.2125,0,0,39216.63768520516,-99.42518520516023,,,,,,,0.0,524696.5624999995
312,39240.775908030904,2023-03-20T12:15:00+0530,39074.9,39097.95,39015.1,39052.200000000004,0,0,39189.23140433764,-137.03140433763474,Bank,25,-1,Sell,39052.200000000004,0,0.0,524696.5624999995
313,39169.36295401545,2023-03-20T12:30:00+0530,39024.3,39156.45,39014.5,39085.8125,0,0,39171.994920281366,-86.18242028136592,,,,,,,0.0,524696.5624999995
314,39162.906477007724,2023-03-20T12:45:00+0530,39153.3,39158.9,38989.55,39083.412500000006,0,0,39157.23118356781,-73.81868356780615,,,,,,,0.0,524696.5624999995
315,39160.90323850386,2023-03-20T13:00:00+0530,39021.15,39078.3,38977.0,39034.8625,0,0,39136.836402973175,-101.97390297317179,,,,,,,0.0,524696.5624999995
316,39119.60161925193,2023-03-20T13:15:00+0530,39058.65,39106.35,38959.5,39053.9875,0,0,39123.02825247765,-69.04075247764558,,,,,,,0.0,524696.5624999995
317,39112.97580962596,2023-03-20T13:30:00+0530,39092.05,39149.2,39016.25,39068.6,0,0,39113.95687706471,-45.356877064710716,,,,,,,0.0,524696.5624999995
318,39131.08790481298,2023-03-20T13:45:00+0530,39019.75,39062.65,38943.35,39004.3375,0,0,39095.68698088726,-91.3494808872565,,,,,,,0.0,524696.5624999995
319,39096.86895240649,2023-03-20T14:00:00+0530,38990.7,39121.9,38984.7,39048.1625,0,0,39087.76623407272,-39.60373407271982,,,,,,,0.0,524696.5624999995
320,39109.384476203246,2023-03-20T14:15:00+0530,39094.75,39218.75,39040.8,39140.425,0,0,39096.542695060605,43.88230493939773,Bank,25,0,Sell_exit,0.0,39140.425,-2205.6249999999636,522490.93749999953
321,39164.06723810162,2023-03-20T14:30:00+0530,39216.65,39254.2,39146.05,39195.4,0,0,39113.018912550506,82.38108744949568,,,,,,,0.0,522490.93749999953
322,39209.13361905081,2023-03-20T14:45:00+0530,39164.0,39215.6,39130.35,39175.6875,0,0,39123.46367712542,52.22382287457731,,,,,,,0.0,522490.93749999953
323,39212.3668095254,2023-03-20T15:00:00+0530,39191.1,39406.25,39180.15,39286.6,0,0,39150.65306427119,135.9469357288108,Bank,25,1,Buy,39286.6,0,0.0,522490.93749999953
324,39309.308404762705,2023-03-20T15:15:00+0530,39368.3,39417.8,39368.3,39382.925,0,0,39189.365053559326,193.55994644067687,,,,,,,0.0,522490.93749999953
325,39363.554202381354,2023-03-21T09:15:00+0530,39599.65,39610.0,39452.85,39557.9,0,0,39250.787544632774,307.1124553672271,,,,,,,0.0,522490.93749999953
326,39486.77710119067,2023-03-21T09:30:00+0530,39570.8,39576.55,39393.55,39490.65,0,0,39290.76462052731,199.88537947268924,,,,,,,0.0,522490.93749999953
327,39531.66355059534,2023-03-21T09:45:00+0530,39427.2,39487.9,39366.3,39441.325000000004,0,0,39315.8580171061,125.4669828939077,,,,,,,0.0,522490.93749999953
328,39509.78177529767,2023-03-21T10:00:00+0530,39485.7,39581.65,39476.5,39529.2,0,0,39351.41501425508,177.78498574491823,,,,,,,0.0,522490.93749999953
329,39545.71588764884,2023-03-21T10:15:00+0530,39571.55,39589.9,39489.4,39543.6125,0,0,39383.4479285459,160.16457145410095,,,,,,,0.0,522490.93749999953
330,39567.80794382442,2023-03-21T10:30:00+0530,39522.2,39580.55,39472.35,39536.537500000006,0,0,39408.96285712159,127.57464287841867,,,,,,,0.0,522490.93749999953
331,39574.17897191221,2023-03-21T10:45:00+0530,39570.25,39587.6,39518.1,39552.262500000004,0,0,39432.84613093466,119.41636906534404,,,,,,,0.0,522490.93749999953
332,39580.889485956104,2023-03-21T11:00:00+0530,39532.4,39535.65,39474.75,39516.1625,0,0,39446.732192445554,69.43030755444488,,,,,,,0.0,522490.93749999953
333,39558.26974297805,2023-03-21T11:15:00+0530,39520.95,39549.65,39475.8,39507.762500000004,0,0,39456.90391037129,50.85858962871134,,,,,,,0.0,522490.93749999953
334,39553.95987148903,2023-03-21T11:30:00+0530,39482.15,39524.3,39432.15,39474.475000000006,0,0,39459.83242530942,14.642574690587935,,,,,,,0.0,522490.93749999953
335,39539.12993574452,2023-03-21T11:45:00+0530,39458.6,39468.95,39394.6,39432.6125,0,0,39455.29577109118,-22.68327109117672,Bank,25,0,Buy_Exit,0.0,39432.6125,3650.312500000109,526141.2499999997
336,39504.03996787226,2023-03-21T12:00:00+0530,39409.45,39498.5,39393.75,39437.9,0,0,39452.39647590932,-14.496475909319997,,,,,,,0.0,526141.2499999997
337,39501.26998393613,2023-03-21T12:15:00+0530,39450.85,39554.7,39445.7,39495.5125,0,0,39459.58247992444,35.930020075560606,,,,,,,0.0,526141.2499999997
338,39527.984991968064,2023-03-21T12:30:00+0530,39532.15,39568.1,39504.3,39543.1625,0,0,39473.512483270366,69.65001672963263,,,,,,,0.0,526141.2499999997
339,39548.04249598403,2023-03-21T12:45:00+0530,39570.1,39702.3,39569.3,39629.6375,0,0,39499.53331939197,130.10418060802476,Bank,25,1,Buy,39629.6375,0,0.0,526141.2499999997
340,39625.17124799202,2023-03-21T13:00:00+0530,39680.4,39754.05,39680.4,39712.662500000006,0,0,39535.05484949331,177.6076505066958,,,,,,,0.0,526141.2499999997
341,39689.610623996006,2023-03-21T13:15:00+0530,39734.4,39749.8,39655.7,39700.787500000006,0,0,39562.6769579111,138.1105420889071,,,,,,,0.0,526141.2499999997
342,39719.705311998005,2023-03-21T13:30:00+0530,39657.25,39705.6,39639.1,39668.350000000006,0,0,39580.28913159259,88.06086840741773,,,,,,,0.0,526141.2499999997
343,39712.652655999,2023-03-21T13:45:00+0530,39673.0,39823.7,39672.8,39746.2625,0,0,39607.95135966049,138.3111403395087,,,,,,,0.0,526141.2499999997
344,39768.1763279995,2023-03-21T14:00:00+0530,39815.6,39844.15,39757.3,39800.775,0,0,39640.08863305041,160.68636694959423,,,,,,,0.0,526141.2499999997
345,39806.16316399975,2023-03-21T14:15:00+0530,39786.55,39882.25,39783.85,39821.8625,0,0,39670.384277542005,151.47822245799762,,,,,,,0.0,526141.2499999997
346,39844.206581999875,2023-03-21T14:30:00+0530,39834.3,39914.65,39824.35,39869.83750000001,0,0,39703.626481285006,166.21101871500287,,,,,,,0.0,526141.2499999997
347,39879.42829099994,2023-03-21T14:45:00+0530,39896.35,39970.2,39886.05,39925.274999999994,0,0,39740.56790107084,184.7070989291533,,,,,,,0.0,526141.2499999997
348,39924.81414549997,2023-03-21T15:00:00+0530,39949.7,39961.15,39855.05,39906.912500000006,0,0,39768.29200089237,138.62049910763744,,,,,,,0.0,526141.2499999997
349,39942.98207274999,2023-03-21T15:15:00+0530,39859.25,39912.1,39843.7,39870.6375,0,0,39785.349584076976,85.2879159230215,,,,,,,0.0,526141.2499999997
350,39927.541036375,2023-03-22T09:15:00+0530,40036.0,40082.75,39926.1,39999.325,0,0,39821.01215339748,178.3128466025155,,,,,,,0.0,526141.2499999997
351,40005.1455181875,2023-03-22T09:30:00+0530,39950.2,39999.1,39844.85,39947.175,0,0,39842.0392944979,105.13570550209988,,,,,,,0.0,526141.2499999997
352,40002.12275909375,2023-03-22T09:45:00+0530,39993.45,40032.6,39941.35,39982.274999999994,0,0,39865.41191208159,116.86308791840565,,,,,,,0.0,526141.2499999997
353,40017.36137954687,2023-03-22T10:00:00+0530,39962.55,39997.1,39885.5,39943.8625,0,0,39878.48701006799,65.37548993201199,,,,,,,0.0,526141.2499999997
354,40007.23068977344,2023-03-22T10:15:00+0530,39935.9,39963.0,39907.05,39940.7,0,0,39888.85584172333,51.84415827666817,,,,,,,0.0,526141.2499999997
355,39985.11534488672,2023-03-22T10:30:00+0530,39958.25,39982.6,39919.25,39949.65,0,0,39898.988201436114,50.661798563887714,,,,,,,0.0,526141.2499999997
356,39983.85767244336,2023-03-22T10:45:00+0530,39938.3,39976.0,39918.05,39944.2,0,0,39906.52350119677,37.67649880323006,,,,,,,0.0,526141.2499999997
357,39979.928836221676,2023-03-22T11:00:00+0530,39938.05,39942.85,39848.45,39909.475,0,0,39907.01541766398,2.4595823360214126,,,,,,,0.0,526141.2499999997
358,39961.38941811083,2023-03-22T11:15:00+0530,39912.2,39992.05,39886.3,39945.65,0,0,39913.45451471998,32.19548528001906,,,,,,,0.0,526141.2499999997
359,39976.71970905542,2023-03-22T11:30:00+0530,39990.85,39999.05,39911.15,39967.337499999994,0,0,39922.43501226665,44.90248773334315,,,,,,,0.0,526141.2499999997
360,39987.884854527714,2023-03-22T11:45:00+0530,39968.8,39985.05,39933.85,39957.450000000004,0,0,39928.27084355554,29.179156444464752,,,,,,,0.0,526141.2499999997
361,39986.46742726386,2023-03-22T12:00:00+0530,39937.05,39967.15,39871.5,39924.6875,0,0,39927.67361962962,-2.98611962961877,Bank,25,0,Buy_Exit,0.0,39924.6875,7376.250000000073,533517.4999999998
362,39976.80871363193,2023-03-22T12:15:00+0530,39922.65,39971.85,39903.95,39941.5875,0,0,39929.99259969135,11.594900308649812,,,,,,,0.0,533517.4999999998
363,39974.329356815964,2023-03-22T12:30:00+0530,39967.25,40003.9,39918.95,39956.274999999994,0,0,39934.372999742794,21.90200025719969,,,,,,,0.0,533517.4999999998
364,39989.11467840798,2023-03-22T12:45:00+0530,39938.2,39975.0,39926.55,39950.2375,0,0,39937.017083119,13.220416881005804,,,,,,,0.0,533517.4999999998
365,39982.057339203995,2023-03-22T13:00:00+0530,39960.55,39996.0,39934.65,39962.6125,0,0,39941.2829859325,21.329514067503624,,,,,,,0.0,533517.4999999998
366,39989.028669602,2023-03-22T13:15:00+0530,39957.9,39975.8,39922.95,39954.15,0,0,39943.427488277084,10.722511722917261,,,,,,,0.0,533517.4999999998
367,39982.414334801,2023-03-22T13:30:00+0530,39966.8,40047.2,39954.85,39994.8375,0,0,39951.99582356424,42.841676435760746,,,,,,,0.0,533517.4999999998
368,40014.8071674005,2023-03-22T13:45:00+0530,40011.3,40018.25,39928.15,39980.9875,0,0,39956.82776963687,24.159730363135168,,,,,,,0.0,533517.4999999998
369,40016.528583700245,2023-03-22T14:00:00+0530,39969.0,40003.65,39950.0,39978.2375,0,0,39960.396058030725,17.841441969278094,,,,,,,0.0,533517.4999999998
370,40010.08929185012,2023-03-22T14:15:00+0530,39994.2,40024.75,39917.7,39963.675,0,0,39960.942548358944,2.732451641059015,,,,,,,0.0,533517.4999999998
371,40017.41964592506,2023-03-22T14:30:00+0530,39921.75,39958.0,39852.0,39903.5125,0,0,39951.370873632455,-47.8583736324581,,,,,,,0.0,533517.4999999998
372,39987.709822962526,2023-03-22T14:45:00+0530,39877.7,39941.65,39858.2,39903.25,0,0,39943.35072802704,-40.10072802704235,,,,,,,0.0,533517.4999999998
373,39964.67991148126,2023-03-22T15:00:00+0530,39931.45,40024.75,39931.45,39977.4875,0,0,39949.04019002253,28.44730997746956,,,,,,,0.0,533517.4999999998
374,39994.71495574063,2023-03-22T15:15:00+0530,40021.95,40042.7,39958.85,39995.5875,0,0,39956.79807501878,38.78942498122342,,,,,,,0.0,533517.4999999998
375,40018.70747787031,2023-03-23T09:15:00+0530,39836.15,39841.0,39730.45,39797.337499999994,0,0,39930.22131251565,-132.88381251565443,Bank,25,-1,Sell,39797.337499999994,0,0.0,533517.4999999998
376,39929.853738935155,2023-03-23T09:30:00+0530,39777.55,39879.65,39752.1,39811.675,0,0,39910.463593763045,-98.78859376304172,,,,,,,0.0,533517.4999999998
377,39904.75186946758,2023-03-23T09:45:00+0530,39837.9,39955.55,39837.15,39890.4625,0,0,39907.13007813587,-16.667578135871736,,,,,,,0.0,533517.4999999998
378,39930.15093473379,2023-03-23T10:00:00+0530,39931.85,40054.8,39931.85,39978.2,0,0,39918.97506511323,59.224934886769915,Bank,25,0,Sell_exit,0.0,39978.2,-4521.562500000073,528995.9374999997
379,39992.475467366894,2023-03-23T10:15:00+0530,39998.5,40097.95,39994.4,40044.6125,0,0,39939.91463759435,104.69786240565008,Bank,25,1,Buy,40044.6125,0,0.0,528995.9374999997
380,40045.212733683446,2023-03-23T10:30:00+0530,40089.35,40118.05,40047.25,40076.5625,0,0,39962.68928132863,113.8732186713678,,,,,,,0.0,528995.9374999997
381,40081.63136684173,2023-03-23T10:45:00+0530,40052.75,40064.6,39959.2,40018.3875,0,0,39971.972317773856,46.41518222614104,,,,,,,0.0,528995.9374999997
382,40073.11568342087,2023-03-23T11:00:00+0530,39996.95,40041.9,39944.6,39990.037500000006,0,0,39974.983181478216,15.054318521790265,,,,,,,0.0,528995.9374999997
383,40057.50784171044,2023-03-23T11:15:00+0530,39976.7,40001.3,39941.8,39975.55,0,0,39975.07765123185,0.4723487681549159,,,,,,,0.0,528995.9374999997
384,40029.40392085522,2023-03-23T11:30:00+0530,39981.7,40031.6,39972.45,39999.225,0,0,39979.10220935987,20.12279064012546,,,,,,,0.0,528995.9374999997
385,40030.50196042761,2023-03-23T11:45:00+0530,40009.5,40057.55,39986.6,40027.8,0,0,39987.2185077999,40.58149220010091,,,,,,,0.0,528995.9374999997
386,40044.0259802138,2023-03-23T12:00:00+0530,40054.95,40069.3,40034.85,40053.537500000006,0,0,39998.271673166586,55.26582683341985,,,,,,,0.0,528995.9374999997
387,40056.6629901069,2023-03-23T12:15:00+0530,40054.2,40100.95,40047.8,40069.65,0,0,40010.16806097216,59.4819390278426,,,,,,,0.0,528995.9374999997
388,40078.806495053446,2023-03-23T12:30:00+0530,40075.0,40182.2,40072.15,40127.162500000006,0,0,40029.66713414347,97.4953658565355,,,,,,,0.0,528995.9374999997
389,40130.50324752672,2023-03-23T12:45:00+0530,40181.65,40201.6,40131.4,40163.25,0,0,40051.93094511956,111.3190548804414,,,,,,,0.0,528995.9374999997
390,40166.05162376336,2023-03-23T13:00:00+0530,40133.7,40175.55,40083.65,40127.725,0,0,40064.56328759964,63.16171240036056,,,,,,,0.0,528995.9374999997
391,40170.80081188168,2023-03-23T13:15:00+0530,40117.6,40175.8,40105.1,40140.5625,0,0,40077.2298229997,63.332677000296826,,,,,,,0.0,528995.9374999997
392,40173.30040594084,2023-03-23T13:30:00+0530,40163.25,40190.8,40098.45,40138.7125,0,0,40087.47693583309,51.23556416691281,,,,,,,0.0,528995.9374999997
393,40182.05020297042,2023-03-23T13:45:00+0530,40101.4,40129.65,40018.3,40071.3,0,0,40084.780779860914,-13.480779860910843,Bank,25,0,Buy_Exit,0.0,40071.3,667.1875,529663.1249999997
394,40155.85010148521,2023-03-23T14:00:00+0530,40032.8,40061.7,39977.15,40012.2,0,0,40072.68398321743,-60.48398321743298,,,,,,,0.0,529663.1249999997
395,40108.7750507426,2023-03-23T14:15:00+0530,39974.3,39997.7,39835.15,39913.1125,0,0,40046.08873601453,-132.97623601452506,Bank,25,-1,Sell,39913.1125,0,0.0,529663.1249999997
396,40053.237525371296,2023-03-23T14:30:00+0530,39846.65,39855.9,39748.85,39807.675,0,0,40006.353113345445,-198.6781133454424,,,,,,,0.0,529663.1249999997
397,39954.56876268565,2023-03-23T14:45:00+0530,39780.85,39802.8,39702.25,39765.55,0,0,39966.21926112121,-200.66926112120564,,,,,,,0.0,529663.1249999997
398,39878.68438134283,2023-03-23T15:00:00+0530,39763.4,39824.0,39555.9,39681.725,0,0,39918.803550934346,-237.07855093434773,,,,,,,0.0,529663.1249999997
399,39851.342190671414,2023-03-23T15:15:00+0530,39583.4,39619.1,39556.0,39584.6625,0,0,39863.11337577862,-278.4508757786243,,,,,,,0.0,529663.1249999997
400,39735.221095335706,2023-03-24T09:15:00+0530,39555.25,39667.25,39435.65,39539.6125,0,0,39809.19656314886,-269.5840631488536,,,,,,,0.0,529663.1249999997
401,39701.23554766785,2023-03-24T09:30:00+0530,39499.0,39643.25,39440.85,39537.3875,0,0,39763.89505262405,-226.50755262405437,,,,,,,0.0,529663.1249999997
402,39672.242773833925,2023-03-24T09:45:00+0530,39568.8,39655.3,39542.3,39587.3375,0,0,39734.468793853375,-147.1312938533738,,,,,,,0.0,529663.1249999997
403,39663.77138691697,2023-03-24T10:00:00+0530,39583.6,39592.4,39464.15,39548.5125,0,0,39703.47607821115,-154.9635782111509,,,,,,,0.0,529663.1249999997
404,39628.08569345849,2023-03-24T10:15:00+0530,39555.75,39639.3,39510.4,39557.162500000006,0,0,39679.09048184263,-121.9279818426221,,,,,,,0.0,529663.1249999997
405,39633.692846729246,2023-03-24T10:30:00+0530,39524.1,39578.75,39492.0,39527.65,0,0,39653.85040153552,-126.20040153551963,,,,,,,0.0,529663.1249999997
406,39606.22142336462,2023-03-24T10:45:00+0530,39511.6,39567.15,39476.1,39515.375,0,0,39630.77116794627,-115.39616794627364,,,,,,,0.0,529663.1249999997
407,39586.68571168231,2023-03-24T11:00:00+0530,39508.0,39634.5,39504.85,39568.15,0,0,39620.334306621895,-52.184306621893484,,,,,,,0.0,529663.1249999997
408,39610.592855841154,2023-03-24T11:15:00+0530,39623.95,39693.25,39606.7,39637.2,0,0,39623.14525551825,14.054744481749367,Bank,25,0,Sell_exit,0.0,39637.2,6897.8125000001455,536560.9374999998
409,39651.92142792058,2023-03-24T11:30:00+0530,39622.95,39731.35,39590.7,39667.6375,0,0,39630.56062959854,37.07687040145538,,,,,,,0.0,536560.9374999998
410,39691.63571396029,2023-03-24T11:45:00+0530,39728.5,39765.35,39658.65,39719.6125,0,0,39645.40260799879,74.20989200121403,,,,,,,0.0,536560.9374999998
411,39728.49285698014,2023-03-24T12:00:00+0530,39731.95,39741.1,39668.1,39716.212499999994,0,0,39657.20425666566,59.00824333433411,,,,,,,0.0,536560.9374999998
412,39734.796428490066,2023-03-24T12:15:00+0530,39724.8,39767.55,39685.85,39716.5625,0,0,39667.097297221386,49.465202778614184,,,,,,,0.0,536560.9374999998
413,39751.173214245035,2023-03-24T12:30:00+0530,39701.2,39730.9,39562.6,39650.9,0,0,39664.39774768449,-13.497747684486967,,,,,,,0.0,536560.9374999998
414,39741.036607122514,2023-03-24T12:45:00+0530,39613.4,39633.8,39525.75,39585.25,0,0,39651.20645640374,-65.95645640374278,,,,,,,0.0,536560.9374999998
415,39687.41830356126,2023-03-24T13:00:00+0530,39571.95,39705.8,39568.5,39636.55,0,0,39648.76371366979,-12.213713669785648,,,,,,,0.0,536560.9374999998
416,39696.609151780634,2023-03-24T13:15:00+0530,39701.9,39729.6,39626.45,39679.0625,0,0,39653.8135113915,25.24898860850226,,,,,,,0.0,536560.9374999998
417,39713.10457589032,2023-03-24T13:30:00+0530,39663.4,39677.35,39549.15,39614.6375,0,0,39647.284176159585,-32.646676159587514,,,,,,,0.0,536560.9374999998
418,39695.22728794516,2023-03-24T13:45:00+0530,39569.3,39650.85,39551.65,39591.049999999996,0,0,39637.91181346632,-46.861813466326566,,,,,,,0.0,536560.9374999998
419,39673.038643972584,2023-03-24T14:00:00+0530,39600.3,39607.8,39529.85,39584.0,0,0,39628.92651122194,-44.92651122193638,,,,,,,0.0,536560.9374999998
420,39640.419321986294,2023-03-24T14:15:00+0530,39601.75,39603.2,39462.25,39533.4625,0,0,39613.015842684945,-79.55334268494335,,,,,,,0.0,536560.9374999998
421,39621.809660993145,2023-03-24T14:30:00+0530,39469.0,39534.8,39404.6,39468.899999999994,0,0,39588.99653557079,-120.09653557079582,Bank,25,-1,Sell,39468.899999999994,0,0.0,536560.9374999998
422,39578.30483049658,2023-03-24T14:45:00+0530,39474.9,39507.35,39407.5,39471.775,0,0,39569.45961297566,-97.68461297565955,,,,,,,0.0,536560.9374999998
423,39542.82741524829,2023-03-24T15:00:00+0530,39499.2,39513.8,39404.95,39465.1,0,0,39552.066344146384,-86.96634414638538,,,,,,,0.0,536560.9374999998
424,39528.31370762415,2023-03-24T15:15:00+0530,39448.45,39453.35,39294.9,39387.125,0,0,39524.576120121994,-137.45112012199388,,,,,,,0.0,536560.9374999998
425,39490.83185381207,2023-03-27T09:15:00+0530,39484.7,39489.75,39320.1,39435.85,0,0,39509.788433434995,-73.93843343499611,,,,,,,0.0,536560.9374999998
426,39490.29092690603,2023-03-27T09:30:00+0530,39454.25,39584.55,39442.15,39494.162500000006,0,0,39507.184111195835,-13.021611195828882,,,,,,,0.0,536560.9374999998
427,39537.42046345302,2023-03-27T09:45:00+0530,39498.9,39582.65,39469.8,39520.425,0,0,39509.39092599654,11.03407400346623,Bank,25,0,Sell_exit,0.0,39520.425,-1288.1250000002183,535272.8124999997
428,39560.035231726506,2023-03-27T10:00:00+0530,39528.85,39563.5,39487.15,39520.675,0,0,39511.27160499711,9.403395002889738,,,,,,,0.0,535272.8124999997
429,39561.76761586325,2023-03-27T10:15:00+0530,39506.15,39567.75,39458.25,39512.399999999994,0,0,39511.45967083093,0.9403291690614424,,,,,,,0.0,535272.8124999997
430,39564.75880793163,2023-03-27T10:30:00+0530,39516.9,39525.1,39369.5,39446.95,0,0,39500.70805902578,-53.75805902578577,,,,,,,0.0,535272.8124999997
431,39544.92940396581,2023-03-27T10:45:00+0530,39375.7,39415.75,39330.75,39369.4125,0,0,39478.82546585482,-109.41296585481905,Bank,25,-1,Sell,39369.4125,0,0.0,535272.8124999997
432,39480.339701982906,2023-03-27T11:00:00+0530,39358.2,39442.7,39334.9,39378.424999999996,0,0,39462.092054879016,-83.66705487902072,,,,,,,0.0,535272.8124999997
433,39461.51985099145,2023-03-27T11:15:00+0530,39378.0,39382.25,39293.0,39347.7875,0,0,39443.04129573252,-95.25379573251848,,,,,,,0.0,535272.8124999997
434,39421.884925495724,2023-03-27T11:30:00+0530,39335.75,39483.85,39277.65,39391.35,0,0,39434.4260797771,-43.07607977709995,,,,,,,0.0,535272.8124999997
435,39452.86746274786,2023-03-27T11:45:00+0530,39468.9,39478.75,39379.05,39426.4375,0,0,39433.09464981425,-6.65714981425117,,,,,,,0.0,535272.8124999997
436,39465.80873137393,2023-03-27T12:00:00+0530,39378.7,39506.6,39359.15,39418.84999999999,0,0,39430.72054151188,-11.870541511889314,,,,,,,0.0,535272.8124999997
437,39486.204365686965,2023-03-27T12:15:00+0530,39429.9,39537.15,39413.45,39466.525,0,0,39436.687951259904,29.83704874009709,Bank,25,0,Sell_exit,0.0,39466.525,-2427.8125000000728,532844.9999999995
438,39511.67718284349,2023-03-27T12:30:00+0530,39479.95,39555.9,39476.05,39512.8,0,0,39449.37329271659,63.426707283411815,,,,,,,0.0,532844.9999999995
439,39533.78859142175,2023-03-27T12:45:00+0530,39538.25,39549.65,39442.9,39502.825,0,0,39458.281910597165,44.543089402832265,,,,,,,0.0,532844.9999999995
440,39541.71929571088,2023-03-27T13:00:00+0530,39481.2,39507.25,39381.45,39438.462499999994,0,0,39454.97867549764,-16.516175497643417,,,,,,,0.0,532844.9999999995
441,39524.48464785544,2023-03-27T13:15:00+0530,39378.6,39424.7,39313.75,39362.712499999994,0,0,39439.600979581366,-76.88847958137194,,,,,,,0.0,532844.9999999995
442,39474.59232392772,2023-03-27T13:30:00+0530,39336.4,39430.2,39325.95,39372.125,0,0,39428.35498298448,-56.22998298447783,,,,,,,0.0,532844.9999999995
443,39452.39616196386,2023-03-27T13:45:00+0530,39396.05,39481.45,39370.0,39430.225,0,0,39428.66665248707,1.5583475129315048,,,,,,,0.0,532844.9999999995
444,39466.92308098193,2023-03-27T14:00:00+0530,39474.1,39505.4,39444.35,39475.475000000006,0,0,39436.46804373922,39.00695626078232,,,,,,,0.0,532844.9999999995
445,39486.16154049097,2023-03-27T14:15:00+0530,39480.85,39694.05,39480.55,39576.0375,0,0,39459.72961978269,116.30788021731132,Bank,25,1,Buy,39576.0375,0,0.0,532844.9999999995
446,39590.105770245485,2023-03-27T14:30:00+0530,39649.05,39690.85,39584.5,39628.649999999994,0,0,39487.883016485575,140.76698351441883,,,,,,,0.0,532844.9999999995
447,39640.477885122746,2023-03-27T14:45:00+0530,39591.55,39657.25,39556.2,39596.1125,0,0,39505.92126373798,90.19123626202054,,,,,,,0.0,532844.9999999995
448,39648.86394256137,2023-03-27T15:00:00+0530,39571.45,39623.9,39411.5,39510.9625,0,0,39506.76146978165,4.2010302183480235,,,,,,,0.0,532844.9999999995
449,39636.38197128069,2023-03-27T15:15:00+0530,39436.4,39440.5,39274.7,39365.2625,0,0,39483.17830815138,-117.9158081513815,Bank,25,0,Buy_Exit,0.0,39365.2625,-5269.375000000036,527575.6249999995
450,39538.44098564034,2023-03-28T09:15:00+0530,39545.05,39561.55,39436.45,39497.6,0,0,39485.58192345948,12.018076540516631,,,,,,,0.0,527575.6249999995
451,39549.99549282018,2023-03-28T09:30:00+0530,39452.2,39505.6,39407.8,39454.737499999996,0,0,39480.44118621624,-25.703686216242204,,,,,,,0.0,527575.6249999995
452,39527.797746410084,2023-03-28T09:45:00+0530,39456.7,39486.6,39402.55,39441.125,0,0,39473.888488513534,-32.76348851353396,,,,,,,0.0,527575.6249999995
453,39507.19887320504,2023-03-28T10:00:00+0530,39419.15,39466.95,39391.0,39435.2625,0,0,39467.450823761275,-32.1883237612783,,,,,,,0.0,527575.6249999995
454,39487.07443660252,2023-03-28T10:15:00+0530,39463.1,39494.15,39403.25,39441.8125,0,0,39463.17776980106,-21.365269801062823,,,,,,,0.0,527575.6249999995
455,39490.61221830126,2023-03-28T10:30:00+0530,39409.8,39409.8,39333.6,39372.1875,0,0,39448.01272483422,-75.8252248342178,,,,,,,0.0,527575.6249999995
456,39450.20610915063,2023-03-28T10:45:00+0530,39338.85,39402.55,39329.65,39351.5375,0,0,39431.93352069519,-80.39602069518878,,,,,,,0.0,527575.6249999995
457,39426.37805457532,2023-03-28T11:00:00+0530,39337.7,39422.25,39328.75,39376.4625,0,0,39422.68835057932,-46.22585057932156,,,,,,,0.0,527575.6249999995
458,39424.31402728766,2023-03-28T11:15:00+0530,39419.35,39463.9,39389.75,39420.35,0,0,39422.29862548277,-1.9486254827716039,,,,,,,0.0,527575.6249999995
459,39444.107013643836,2023-03-28T11:30:00+0530,39409.4,39499.15,39389.55,39448.475000000006,0,0,39426.661354568976,21.813645431029727,,,,,,,0.0,527575.6249999995
460,39471.628506821915,2023-03-28T11:45:00+0530,39498.25,39524.4,39462.55,39492.1625,0,0,39437.57821214082,54.58428785917931,,,,,,,0.0,527575.6249999995
461,39498.01425341096,2023-03-28T12:00:00+0530,39483.65,39492.85,39413.4,39451.7875,0,0,39439.94642678402,11.841073215975484,,,,,,,0.0,527575.6249999995
462,39495.43212670548,2023-03-28T12:15:00+0530,39417.35,39462.8,39388.1,39424.0125,0,0,39437.29077232002,-13.278272320021642,,,,,,,0.0,527575.6249999995
463,39479.11606335274,2023-03-28T12:30:00+0530,39424.75,39505.8,39423.4,39448.4625,0,0,39439.15272693335,9.309773066648631,,,,,,,0.0,527575.6249999995
464,39492.458031676375,2023-03-28T12:45:00+0530,39445.75,39527.75,39429.05,39478.8125,0,0,39445.76268911113,33.049810888871434,,,,,,,0.0,527575.6249999995
465,39510.10401583819,2023-03-28T13:00:00+0530,39511.4,39568.15,39466.7,39526.15,0,0,39459.16057425927,66.98942574072862,,,,,,,0.0,527575.6249999995
466,39539.127007919094,2023-03-28T13:15:00+0530,39562.05,39573.05,39424.85,39503.387500000004,0,0,39466.531728549395,36.85577145060961,,,,,,,0.0,527575.6249999995
467,39556.088503959545,2023-03-28T13:30:00+0530,39455.35,39490.2,39396.0,39453.087499999994,0,0,39464.291023791164,-11.203523791169573,,,,,,,0.0,527575.6249999995
468,39523.14425197977,2023-03-28T13:45:00+0530,39469.4,39482.9,39396.9,39447.775,0,0,39461.5383531593,-13.763353159301914,,,,,,,0.0,527575.6249999995
469,39503.02212598988,2023-03-28T14:00:00+0530,39441.3,39486.25,39365.35,39423.5375,0,0,39455.20487763276,-31.66737763275887,,,,,,,0.0,527575.6249999995
470,39494.63606299494,2023-03-28T14:15:00+0530,39405.45,39475.2,39346.7,39420.7875,0,0,39449.4686480273,-28.681148027302697,,,,,,,0.0,527575.6249999995
471,39484.918031497466,2023-03-28T14:30:00+0530,39456.3,39521.35,39431.05,39480.9125,0,0,39454.70929002275,26.203209977247752,,,,,,,0.0,527575.6249999995
472,39503.13401574873,2023-03-28T14:45:00+0530,39518.45,39541.2,39456.15,39511.825,0,0,39464.22857501896,47.59642498103494,,,,,,,0.0,527575.6249999995
473,39522.16700787436,2023-03-28T15:00:00+0530,39533.6,39615.35,39466.2,39536.462499999994,0,0,39476.2675625158,60.19493748419336,,,,,,,0.0,527575.6249999995
474,39568.75850393718,2023-03-28T15:15:00+0530,39532.3,39641.25,39522.55,39575.5125,0,0,39492.80838542983,82.70411457016598,,,,,,,0.0,527575.6249999995
475,39605.00425196859,2023-03-29T09:15:00+0530,39611.55,39744.65,39611.55,39669.0,0,0,39522.173654524864,146.8263454751359,Bank,25,1,Buy,39669.0,0,0.0,527575.6249999995
476,39674.827125984295,2023-03-29T09:30:00+0530,39705.8,39732.3,39648.7,39700.8,0,0,39551.94471210406,148.85528789594537,,,,,,,0.0,527575.6249999995
477,39703.563562992145,2023-03-29T09:45:00+0530,39718.65,39747.35,39665.6,39713.7375,0,0,39578.91017675339,134.8273232466163,,,,,,,0.0,527575.6249999995
478,39725.456781496076,2023-03-29T10:00:00+0530,39727.9,39748.0,39682.2,39717.825,0,0,39602.062647294486,115.76235270551115,,,,,,,0.0,527575.6249999995
479,39736.72839074804,2023-03-29T10:15:00+0530,39712.25,39875.4,39701.25,39789.825,0,0,39633.3563727454,156.46862725459505,,,,,,,0.0,527575.6249999995
480,39806.06419537402,2023-03-29T10:30:00+0530,39875.7,39900.45,39826.35,39862.125,0,0,39671.484477287835,190.64052271216497,,,,,,,0.0,527575.6249999995
481,39853.257097687005,2023-03-29T10:45:00+0530,39846.0,39893.85,39816.95,39845.1625,0,0,39700.43081440653,144.7316855934696,,,,,,,0.0,527575.6249999995
482,39873.5535488435,2023-03-29T11:00:00+0530,39828.0,39887.65,39759.5,39814.4875,0,0,39719.440262005446,95.04723799455678,,,,,,,0.0,527575.6249999995
483,39880.60177442175,2023-03-29T11:15:00+0530,39775.5,39848.2,39755.9,39803.975000000006,0,0,39733.52938500454,70.44561499546398,,,,,,,0.0,527575.6249999995
484,39864.400887210875,2023-03-29T11:30:00+0530,39834.65,39834.65,39777.8,39807.4,0,0,39745.841154170455,61.558845829546044,,,,,,,0.0,527575.6249999995
485,39849.52544360544,2023-03-29T11:45:00+0530,39782.15,39835.35,39755.05,39795.4375,0,0,39754.10721180871,41.33028819128958,,,,,,,0.0,527575.6249999995
486,39842.43772180272,2023-03-29T12:00:00+0530,39807.0,39831.45,39698.45,39763.0,0,0,39755.589343173924,7.410656826075865,,,,,,,0.0,527575.6249999995
487,39836.94386090136,2023-03-29T12:15:00+0530,39714.75,39745.95,39662.75,39711.575,0,0,39748.2536193116,-36.67861931160587,Bank,25,0,Buy_Exit,0.0,39711.575,1064.3749999999272,528639.9999999994
488,39791.44693045068,2023-03-29T12:30:00+0530,39724.3,39743.7,39684.95,39715.65,0,0,39742.81968275967,-27.16968275966792,,,,,,,0.0,528639.9999999994
489,39767.57346522534,2023-03-29T12:45:00+0530,39710.2,39766.2,39693.85,39728.775,0,0,39740.47890229973,-11.703902299726906,,,,,,,0.0,528639.9999999994
490,39766.886732612664,2023-03-29T13:00:00+0530,39746.55,39809.2,39746.2,39763.9625,0,0,39744.392835249775,19.569664750226366,,,,,,,0.0,528639.9999999994
491,39788.04336630633,2023-03-29T13:15:00+0530,39752.1,39865.85,39748.15,39807.7125,0,0,39754.94611270815,52.76638729184924,,,,,,,0.0,528639.9999999994
492,39826.94668315316,2023-03-29T13:30:00+0530,39860.8,39868.15,39776.55,39830.662500000006,0,0,39767.565510590124,63.096989409881644,,,,,,,0.0,528639.9999999994
493,39847.54834157658,2023-03-29T13:45:00+0530,39817.05,39887.85,39778.75,39834.3,0,0,39778.68792549177,55.61207450822985,,,,,,,0.0,528639.9999999994
494,39867.699170788284,2023-03-29T14:00:00+0530,39850.85,39923.75,39850.85,39880.7375,0,0,39795.69618790981,85.04131209019397,,,,,,,0.0,528639.9999999994
495,39895.72458539414,2023-03-29T14:15:00+0530,39901.35,39942.4,39781.4,39859.35,0,0,39806.30515659151,53.044843408490124,,,,,,,0.0,528639.9999999994
496,39919.06229269707,2023-03-29T14:30:00+0530,39817.55,39826.0,39702.95,39775.7125,0,0,39801.20638049293,-25.49388049292611,,,,,,,0.0,528639.9999999994
497,39872.531146348534,2023-03-29T14:45:00+0530,39759.85,39759.85,39679.0,39727.0125,0,0,39788.8407337441,-61.82823374410509,,,,,,,0.0,528639.9999999994
498,39816.190573174266,2023-03-29T15:00:00+0530,39707.0,39953.4,39707.0,39828.2875,0,0,39795.41519478675,32.87230521324818,,,,,,,0.0,528639.9999999994
499,39884.795286587134,2023-03-29T15:15:00+0530,39949.7,40051.9,39922.5,39984.350000000006,0,0,39826.90432898896,157.44567101104622,Bank,25,1,Buy,39984.350000000006,0,0.0,528639.9999999994
500,39968.34764329357,2023-03-31T09:15:00+0530,40231.25,40471.15,40205.6,40343.3875,0,0,39912.9848574908,430.40264250919427,,,,,,,0.0,528639.9999999994
501,40219.74882164679,2023-03-31T09:30:00+0530,40459.7,40502.2,40384.65,40452.825,0,0,40002.958214575665,449.8667854243322,,,,,,,0.0,528639.9999999994
502,40360.97441082339,2023-03-31T09:45:00+0530,40463.25,40499.75,40431.4,40457.95,0,0,40078.790178813055,379.1598211869423,,,,,,,0.0,528639.9999999994
503,40430.3622054117,2023-03-31T10:00:00+0530,40438.55,40519.0,40406.95,40446.375,0,0,40140.054315677546,306.3206843224543,,,,,,,0.0,528639.9999999994
504,40474.68110270585,2023-03-31T10:15:00+0530,40422.5,40481.75,40393.45,40429.325,0,0,40188.26609639796,241.0589036020392,,,,,,,0.0,528639.9999999994
505,40478.21555135293,2023-03-31T10:30:00+0530,40426.45,40434.75,40357.65,40408.9625,0,0,40225.04883033164,183.91366966836358,,,,,,,0.0,528639.9999999994
506,40456.482775676464,2023-03-31T10:45:00+0530,40416.9,40440.35,40344.8,40409.6875,0,0,40255.82194194303,153.86555805696844,,,,,,,0.0,528639.9999999994
507,40448.41638783823,2023-03-31T11:00:00+0530,40437.2,40458.75,40372.3,40429.75,0,0,40284.809951619194,144.94004838080582,,,,,,,0.0,528639.9999999994
508,40453.58319391911,2023-03-31T11:15:00+0530,40450.0,40479.45,40438.05,40458.8625,0,0,40313.818709682666,145.04379031733697,,,,,,,0.0,528639.9999999994
509,40466.516596959555,2023-03-31T11:30:00+0530,40468.1,40535.85,40438.6,40486.899999999994,0,0,40342.66559140222,144.23440859777475,,,,,,,0.0,528639.9999999994
510,40501.18329847978,2023-03-31T11:45:00+0530,40502.9,40560.75,40463.6,40498.0,0,0,40368.554659501846,129.4453404981541,,,,,,,0.0,528639.9999999994
511,40530.96664923989,2023-03-31T12:00:00+0530,40466.55,40476.0,40442.6,40461.0,0,0,40383.96221625154,77.03778374846297,,,,,,,0.0,528639.9999999994
512,40503.48332461994,2023-03-31T12:15:00+0530,40458.6,40483.2,40417.7,40452.087499999994,0,0,40395.31643020961,56.77106979038217,,,,,,,0.0,528639.9999999994
513,40493.34166230997,2023-03-31T12:30:00+0530,40447.5,40557.85,40433.85,40498.3625,0,0,40412.49077517468,85.87172482532333,,,,,,,0.0,528639.9999999994
514,40525.595831154984,2023-03-31T12:45:00+0530,40556.45,40556.45,40490.35,40525.175,0,0,40431.271479312236,93.90352068776701,,,,,,,0.0,528639.9999999994
515,40541.02291557749,2023-03-31T13:00:00+0530,40498.7,40543.45,40472.7,40505.2625,0,0,40443.60331609353,61.65918390646402,,,,,,,0.0,528639.9999999994
516,40542.23645778874,2023-03-31T13:15:00+0530,40506.9,40574.55,40475.5,40522.537500000006,0,0,40456.759013411276,65.77848658872972,,,,,,,0.0,528639.9999999994
517,40558.393228894376,2023-03-31T13:30:00+0530,40533.35,40568.15,40480.2,40535.05,0,0,40469.80751117606,65.24248882394022,,,,,,,0.0,528639.9999999994
518,40563.27161444719,2023-03-31T13:45:00+0530,40564.55,40629.45,40549.1,40578.3,0,0,40487.88959264672,90.41040735327988,,,,,,,0.0,528639.9999999994
519,40596.360807223595,2023-03-31T14:00:00+0530,40572.85,40600.2,40532.95,40570.225,0,0,40501.612160538934,68.61283946106414,,,,,,,0.0,528639.9999999994
520,40598.280403611796,2023-03-31T14:15:00+0530,40579.4,40628.3,40561.9,40593.875,0,0,40516.98930044912,76.88569955088315,,,,,,,0.0,528639.9999999994
521,40613.290201805896,2023-03-31T14:30:00+0530,40610.3,40611.7,40541.05,40587.9125,0,0,40528.8098337076,59.10266629239777,,,,,,,0.0,528639.9999999994
522,40612.49510090295,2023-03-31T14:45:00+0530,40593.1,40643.7,40580.35,40610.575,0,0,40542.437361423006,68.13763857699087,,,,,,,0.0,528639.9999999994
523,40628.09755045147,2023-03-31T15:00:00+0530,40624.65,40688.85,40596.6,40632.275,0,0,40557.41030118584,74.8646988141627,,,,,,,0.0,528639.9999999994
524,40658.473775225735,2023-03-31T15:15:00+0530,40620.35,40625.7,40535.3,40595.924999999996,0,0,40563.829417654866,32.095582345129515,,,,,,,0.0,528639.9999999994
525,40642.086887612866,2023-04-03T09:15:00+0530,40695.8,40702.2,40547.8,40634.4125,0,0,40575.59326471239,58.819235287606716,,,,,,,0.0,528639.9999999994
526,40672.14344380643,2023-04-03T09:30:00+0530,40589.8,40650.25,40536.15,40591.600000000006,0,0,40578.261053926995,13.338946073010447,,,,,,,0.0,528639.9999999994
527,40661.196721903216,2023-04-03T09:45:00+0530,40591.55,40671.15,40587.2,40626.537500000006,0,0,40586.3071282725,40.23037172750628,,,,,,,0.0,528639.9999999994
528,40666.17336095161,2023-04-03T10:00:00+0530,40656.35,40699.95,40613.75,40656.7625,0,0,40598.04969022708,58.712809772914625,,,,,,,0.0,528639.9999999994
529,40683.0616804758,2023-04-03T10:15:00+0530,40659.5,40677.2,40611.95,40642.1125,0,0,40605.3934918559,36.71900814410037,,,,,,,0.0,528639.9999999994
530,40680.1308402379,2023-04-03T10:30:00+0530,40626.95,40668.5,40585.2,40618.5625,0,0,40607.58832654658,10.974173453418189,,,,,,,0.0,528639.9999999994
531,40674.315420118946,2023-04-03T10:45:00+0530,40595.5,40640.75,40580.7,40608.1875,0,0,40607.68818878882,0.4993112111769733,,,,,,,0.0,528639.9999999994
532,40657.53271005947,2023-04-03T11:00:00+0530,40615.9,40657.9,40581.35,40611.149999999994,0,0,40608.26515732402,2.8848426759723225,,,,,,,0.0,528639.9999999994
533,40657.71635502974,2023-04-03T11:15:00+0530,40588.1,40630.65,40564.2,40593.1375,0,0,40605.74388110336,-12.606381103360036,Bank,25,0,Buy_Exit,0.0,40593.1375,15219.687499999782,543859.6874999992
534,40644.183177514875,2023-04-03T11:30:00+0530,40588.95,40621.7,40562.3,40596.1875,0,0,40604.15115091947,-7.963650919467909,,,,,,,0.0,543859.6874999992
535,40632.941588757436,2023-04-03T11:45:00+0530,40614.25,40695.9,40613.95,40645.049999999996,0,0,40610.96762576622,34.08237423377432,,,,,,,0.0,543859.6874999992
536,40664.42079437872,2023-04-03T12:00:00+0530,40655.5,40759.15,40638.15,40684.112499999996,0,0,40623.15843813852,60.954061861477385,,,,,,,0.0,543859.6874999992
537,40711.785397189364,2023-04-03T12:15:00+0530,40684.25,40742.05,40669.7,40705.1125,0,0,40636.81744844877,68.29505155123479,,,,,,,0.0,543859.6874999992
538,40726.91769859468,2023-04-03T12:30:00+0530,40725.4,40732.1,40680.7,40712.6125,0,0,40649.44995704064,63.16254295936233,,,,,,,0.0,543859.6874999992
539,40729.508849297345,2023-04-03T12:45:00+0530,40710.85,40757.75,40683.55,40709.262500000004,0,0,40659.41871420053,49.84378579947224,,,,,,,0.0,543859.6874999992
540,40743.62942464867,2023-04-03T13:00:00+0530,40684.65,40754.0,40651.05,40697.9875,0,0,40665.846845167114,32.140654832888686,,,,,,,0.0,543859.6874999992
541,40748.81471232434,2023-04-03T13:15:00+0530,40700.95,40725.55,40685.65,40699.8625,0,0,40671.5161209726,28.3463790274036,,,,,,,0.0,543859.6874999992
542,40737.18235616217,2023-04-03T13:30:00+0530,40687.6,40747.45,40685.4,40713.399999999994,0,0,40678.49676747717,34.90323252282542,,,,,,,0.0,543859.6874999992
543,40742.316178081084,2023-04-03T13:45:00+0530,40732.15,40749.25,40705.2,40726.962499999994,0,0,40686.5743895643,40.38811043569149,,,,,,,0.0,543859.6874999992
544,40745.783089040546,2023-04-03T14:00:00+0530,40716.95,40804.2,40689.25,40753.649999999994,0,0,40697.75365797026,55.89634202973684,,,,,,,0.0,543859.6874999992
545,40774.99154452027,2023-04-03T14:15:00+0530,40804.1,40828.7,40755.0,40798.9375,0,0,40714.61763164188,84.31986835812131,,,,,,,0.0,543859.6874999992
546,40801.84577226013,2023-04-03T14:30:00+0530,40805.25,40830.2,40768.5,40801.6625,0,0,40729.12510970157,72.53739029842836,,,,,,,0.0,543859.6874999992
547,40816.022886130064,2023-04-03T14:45:00+0530,40799.4,40849.35,40778.2,40803.6625,0,0,40741.54800808465,62.11449191535212,,,,,,,0.0,543859.6874999992
548,40832.68644306503,2023-04-03T15:00:00+0530,40791.65,40825.45,40763.15,40799.925,0,0,40751.27750673721,48.647493262789794,,,,,,,0.0,543859.6874999992
549,40829.068221532514,2023-04-03T15:15:00+0530,40817.1,40857.05,40795.4,40821.1625,0,0,40762.92500561435,58.23749438564846,,,,,,,0.0,543859.6874999992
550,40843.05911076626,2023-04-05T09:15:00+0530,40972.3,40972.3,40815.45,40922.5375,0,0,40789.527088011964,133.01041198803432,Bank,25,1,Buy,40922.5375,0,0.0,543859.6874999992
551,40907.67955538313,2023-04-05T09:30:00+0530,40923.25,40938.05,40859.65,40896.575000000004,0,0,40807.36840667664,89.206593323368,,,,,,,0.0,543859.6874999992
552,40922.86477769157,2023-04-05T09:45:00+0530,40864.6,40925.75,40859.0,40879.025,0,0,40819.31117223053,59.71382776946848,,,,,,,0.0,543859.6874999992
553,40924.30738884579,2023-04-05T10:00:00+0530,40858.65,40926.95,40849.75,40887.825,0,0,40830.73014352544,57.094856474555854,,,,,,,0.0,543859.6874999992
554,40925.62869442289,2023-04-05T10:15:00+0530,40916.45,40932.4,40862.8,40903.350000000006,0,0,40842.83345293787,60.51654706213594,,,,,,,0.0,543859.6874999992
555,40929.01434721144,2023-04-05T10:30:00+0530,40901.3,40924.25,40855.5,40887.125,0,0,40850.21537744823,36.90962255177146,,,,,,,0.0,543859.6874999992
556,40926.63217360572,2023-04-05T10:45:00+0530,40871.55,40872.8,40814.15,40852.1875,0,0,40850.54406454019,1.6434354598095524,,,,,,,0.0,543859.6874999992
557,40899.71608680286,2023-04-05T11:00:00+0530,40850.1,40858.35,40815.1,40844.524999999994,0,0,40849.540887116826,-5.015887116831436,Bank,25,0,Buy_Exit,0.0,40844.524999999994,-1950.3125000001091,541909.3749999991
558,40879.03304340143,2023-04-05T11:15:00+0530,40855.9,40890.75,40846.8,40866.5125,0,0,40852.36948926403,14.143010735970165,,,,,,,0.0,541909.3749999991
